Date,Open,High,Low,Close,Adj Close,Volume
09-07-2012,17.9,18.26,17.870001,18.200001,16.615965,1894100
12-07-2012,18.15,18.24,18.02,18.15,16.57032,1395200
13-07-2012,18.33,18.440001,18.07,18.280001,16.689003,2987300
14-07-2012,18.280001,18.299999,17.950001,18.120001,16.542931,1811700
15-07-2012,18.07,18.23,17.82,18.139999,16.561182,1195100
16-07-2012,17.940001,18.1,17.540001,17.610001,16.077316,2621200
19-07-2012,17.66,17.780001,17.5,17.709999,16.168613,1437000
20-07-2012,17.51,18.18,17.42,18.15,16.57032,2303900
21-07-2012,18.4,18.4,17.76,17.780001,16.232523,1922800
22-07-2012,18,18.49,17.950001,18.4,16.798559,1906100
23-07-2012,18.440001,18.68,18.110001,18.629999,17.008543,1592500
26-07-2012,18.700001,19.030001,18.530001,19,17.346336,1598100
27-07-2012,19.52,20.1,19.43,19.49,17.793692,4258500
28-07-2012,19.84,19.889999,19.299999,19.34,17.656748,2230800
29-07-2012,19.4,19.6,19.09,19.459999,17.766304,2094300
30-07-2012,19.26,19.540001,19.09,19.469999,17.775431,3636200
02-08-2012,19.719999,20.16,19.49,20.1,18.350597,2490900
03-08-2012,20.059999,20.15,19.950001,20.040001,18.295822,2136500
04-08-2012,20.030001,20.27,19.959999,20.16,18.405375,2451400
05-08-2012,19.99,20.370001,19.860001,20.309999,18.54232,2246300
06-08-2012,20.09,20.299999,19.950001,20.209999,18.451027,2027400
09-08-2012,20.209999,20.5,20.15,20.48,18.697527,2224500
10-08-2012,20.299999,20.540001,20.049999,20.35,18.578846,2832600
11-08-2012,20.02,20.139999,19.65,19.76,18.040192,2875300
12-08-2012,19.5,20.129999,19.5,19.959999,18.22278,3158700
13-08-2012,19.889999,20.24,19.889999,19.940001,18.204527,2095000
16-08-2012,19.92,20.18,19.780001,20.15,18.396248,2594100
17-08-2012,20.32,20.4,20.129999,20.129999,18.377991,2164500
18-08-2012,20.129999,20.280001,19.940001,20.15,18.396248,2366700
19-08-2012,20.02,20.15,19.67,19.700001,17.985418,3161500
20-08-2012,19.59,19.620001,19.33,19.51,17.811951,1645000
23-08-2012,19.549999,19.629999,19.370001,19.42,17.729788,1232200
24-08-2012,19.25,19.25,18.809999,18.85,17.209394,3504300
25-08-2012,18.68,18.77,18.389999,18.67,17.045063,4487200
26-08-2012,18.51,18.65,18.18,18.32,16.725525,4101300
27-08-2012,18.5,18.549999,18.17,18.540001,16.926374,3540900
30-08-2012,18.43,18.540001,18.09,18.09,16.515541,1782700
31-08-2012,18,18.08,17.809999,17.91,16.351208,3952200
01-09-2012,18.139999,18.5,18.02,18.49,16.880726,2283600
02-09-2012,18.5,18.799999,18.41,18.75,17.118099,1723100
03-09-2012,19.030001,19.219999,18.780001,19.190001,17.519804,2144500
07-09-2012,19.129999,19.139999,18.629999,18.66,17.035929,1903200
08-09-2012,18.65,18.809999,18.59,18.65,17.0268,2175800
09-09-2012,18.870001,19.059999,18.75,18.82,17.182005,1874700
10-09-2012,18.809999,19.01,18.610001,18.959999,17.309818,2071100
13-09-2012,19.24,19.370001,19.120001,19.35,17.665876,1512200
14-09-2012,19.26,19.620001,19.200001,19.41,17.720659,1913200
15-09-2012,19.290001,19.57,19.17,19.5,17.802822,1155200
16-09-2012,19.4,19.51,19.280001,19.360001,17.675003,1265400
17-09-2012,19.48,19.629999,19.370001,19.43,17.738916,1826100
20-09-2012,19.450001,19.75,19.360001,19.700001,17.985418,2082700
21-09-2012,19.73,19.74,19.35,19.52,17.821083,1641300
22-09-2012,19.549999,19.74,19.35,19.48,17.784561,2235900
23-09-2012,19.27,19.74,19.16,19.34,17.656748,2867400
24-09-2012,19.620001,20.17,19.549999,20.17,18.414503,2607400
27-09-2012,20.110001,20.15,19.68,19.74,18.021933,1893900
28-09-2012,19.84,19.940001,19.51,19.889999,18.158878,1128000
29-09-2012,19.82,19.93,19.700001,19.82,18.094967,1187500
30-09-2012,20,20.16,19.43,19.43,17.738916,2690800
01-10-2012,19.540001,19.719999,19.07,19.299999,17.620232,2763700
04-10-2012,19.280001,19.450001,19.1,19.290001,17.611105,1578200
05-10-2012,19.5,20.02,19.280001,19.879999,18.149746,1932100
06-10-2012,19.950001,20.02,19.780001,19.9,18.168005,1079100
07-10-2012,19.93,19.969999,19.66,19.77,18.049324,1234300
08-10-2012,19.77,19.93,19.68,19.879999,18.149746,1058800
11-10-2012,19.83,20.030001,19.77,19.9,18.168005,1220700
12-10-2012,19.889999,20.02,19.799999,20.01,18.268433,1652200
13-10-2012,20.08,20.209999,19.92,20.120001,18.368862,2052000
14-10-2012,19.99,20.25,19.799999,19.959999,18.22278,1616800
15-10-2012,20.26,20.26,19.809999,19.91,18.177135,1595900
18-10-2012,19.92,20.469999,19.82,20.469999,18.688395,2457300
19-10-2012,20.139999,20.5,20.049999,20.17,18.414503,2177200
20-10-2012,20.25,20.700001,20.1,20.620001,18.82534,1828600
21-10-2012,20.709999,20.82,20.43,20.48,18.697527,1602000
22-10-2012,20.57,20.74,20.469999,20.66,18.86186,937200
25-10-2012,20.889999,21.1,20.83,20.9,19.080975,2855600
26-10-2012,20.870001,20.889999,20.709999,20.85,19.035328,2044500
27-10-2012,20.700001,21.07,20.6,21.030001,19.199656,2394500
28-10-2012,21.15,21.190001,20.77,20.9,19.080975,2389400
29-10-2012,21.43,21.52,21.01,21.110001,19.272699,2960800
01-11-2012,21.290001,21.389999,20.99,21.110001,19.272699,1666700
02-11-2012,21.33,21.57,21.209999,21.5,19.628752,2408400
03-11-2012,21.48,21.6,21.219999,21.51,19.637882,2345900
04-11-2012,21.700001,21.940001,21.469999,21.889999,19.984806,2511800
05-11-2012,21.889999,22.32,21.85,22.200001,20.26783,2294200
08-11-2012,22.049999,22.219999,21.969999,22,20.085234,1356700
09-11-2012,22,22.110001,21.629999,21.719999,19.829603,2546900
10-11-2012,21.790001,21.9,21.5,21.9,19.993937,1822500
11-11-2012,21.65,21.879999,21.59,21.74,19.847868,1815700
12-11-2012,21.549999,21.809999,21.379999,21.51,19.637882,1446200
15-11-2012,21.610001,21.889999,21.57,21.58,19.70179,1926600
16-11-2012,21.42,21.610001,21.15,21.280001,19.427904,2930000
17-11-2012,21.33,21.370001,21.139999,21.25,19.400515,1576100
18-11-2012,21.41,21.9,21.360001,21.83,19.930031,1765200
19-11-2012,21.77,22.059999,21.530001,21.959999,20.048717,1726900
22-11-2012,21.809999,21.9,21.49,21.57,19.692659,1418300
23-11-2012,21.299999,21.58,21.200001,21.24,19.391384,2595200
24-11-2012,21.35,21.530001,21.26,21.52,19.647013,2226200
26-11-2012,21.309999,21.74,21.219999,21.51,19.637882,1019000
29-11-2012,21.4,21.49,21.049999,21.48,19.610493,2320100
30-11-2012,21.290001,21.549999,21.1,21.469999,19.60136,4154700
01-12-2012,21.68,22.65,21.68,22.57,20.605625,4349500
02-12-2012,22.49,23.309999,22.41,23.25,21.22644,4092700
03-12-2012,22.629999,22.9,22.34,22.629999,20.660406,3375800
06-12-2012,22.530001,22.82,22.48,22.809999,20.824734,1547400
07-12-2012,23.059999,23.110001,22.65,22.67,20.696926,2082400
08-12-2012,22.629999,22.91,22.559999,22.68,20.706051,2322900
09-12-2012,22.780001,22.85,22.51,22.629999,20.660406,2265300
10-12-2012,22.639999,22.879999,22.23,22.84,20.852123,2335400
13-12-2012,22.99,22.99,22.67,22.709999,20.733437,1717800
14-12-2012,22.68,22.790001,22.459999,22.48,20.523457,1046700
15-12-2012,22.299999,22.76,22.27,22.530001,20.569107,1760800
16-12-2012,22.540001,24.18,22.540001,23.459999,21.418159,7971200
17-12-2012,23.24,23.620001,23.23,23.5,21.454681,3539300
20-12-2012,23.5,23.549999,23.360001,23.49,21.445553,1834000
21-12-2012,23.549999,24.34,23.42,24.16,22.05724,3419400
22-12-2012,24.16,24.27,23.950001,24.16,22.05724,1503400
23-12-2012,23.4,23.940001,23.27,23.82,21.746832,1411700
27-12-2012,23.709999,23.99,23.65,23.940001,21.856386,1003900
28-12-2012,23.950001,24.1,23.77,23.809999,21.737701,1764000
29-12-2012,23.82,23.98,23.68,23.969999,21.883772,2195900
30-12-2012,23.870001,23.99,23.709999,23.790001,21.719446,933700
31-12-2012,23.700001,23.9,23.65,23.73,21.664663,878400
03-01-2013,23.99,24.290001,23.950001,24.110001,22.011595,1358100
04-01-2013,24.110001,24.290001,23.870001,23.92,21.838129,1960500
05-01-2013,23.870001,23.940001,23.65,23.65,21.591629,2215000
06-01-2013,23.620001,23.73,23.370001,23.549999,21.50033,1959600
07-01-2013,23.68,23.719999,23.25,23.379999,21.345127,1773200
10-01-2013,23.23,23.559999,23.09,23.459999,21.418159,1501300
11-01-2013,23.629999,23.799999,23.549999,23.77,21.701181,2067100
12-01-2013,23.93,24.049999,23.809999,23.959999,21.874645,2005700
13-01-2013,23.559999,24.209999,23.559999,24.110001,22.011595,1877100
14-01-2013,24.049999,24.370001,23.969999,24.370001,22.24896,1441600
18-01-2013,24.43,24.51,24.23,24.4,22.276348,1497100
19-01-2013,24.450001,24.52,23.76,23.780001,21.71032,1728600
20-01-2013,23.809999,24.110001,23.65,24.01,21.920301,1843800
21-01-2013,24.120001,24.5,24.07,24.299999,22.185053,1646200
24-01-2013,24.34,24.67,24.209999,24.559999,22.422426,1481400
25-01-2013,24.58,24.610001,24.049999,24.299999,22.185053,2090800
26-01-2013,24.34,24.59,24.209999,24.51,22.376781,2474400
27-01-2013,24.610001,25.23,24.5,25.209999,23.015852,2178000
28-01-2013,25.139999,25.209999,24.32,24.5,22.367649,2189800
31-01-2013,24.530001,24.67,24.299999,24.48,22.349388,3345600
01-02-2013,24.629999,25.58,24.6,25.33,23.125406,2871600
02-02-2013,24.940001,26.52,24.940001,26.51,24.202707,4412000
03-02-2013,26.549999,26.75,26.040001,26.139999,23.864912,2973900
04-02-2013,26.15,26.709999,26.120001,26.559999,24.248358,1896600
07-02-2013,26.549999,26.91,26.33,26.780001,24.449211,2144000
08-02-2013,25.9,26.120001,25.76,25.84,23.591019,8567200
09-02-2013,25.959999,27.84,25.950001,27.58,25.179583,18263200
10-02-2013,27.24,27.860001,26.870001,27.82,25.398695,4572100
11-02-2013,27.639999,28.219999,27.58,28.120001,25.672585,2613000
14-02-2013,28.299999,29.709999,28.17,29.639999,27.060289,7339200
15-02-2013,28.629999,29.18,27.959999,28.280001,25.818659,8249600
16-02-2013,28.34,29.059999,28.299999,28.469999,25.992117,4725700
17-02-2013,28.549999,28.879999,28.24,28.73,26.22949,3378800
18-02-2013,28.799999,29.4,28.67,29.09,26.558159,4431200
22-02-2013,28.540001,28.67,27.940001,28,25.563026,4775200
23-02-2013,28,28.450001,27.67,28,25.563026,3764200
24-02-2013,28.040001,28.120001,27.559999,28.02,25.581287,3255300
25-02-2013,28.120001,28.450001,28.040001,28.41,25.93734,3157300
28-02-2013,28.379999,28.620001,28.059999,28.610001,26.11994,3142600
01-03-2013,28.620001,28.75,27.67,27.68,25.270878,3326500
02-03-2013,27.700001,28.200001,27.48,27.84,25.416954,2057200
03-03-2013,28.120001,28.58,28.120001,28.389999,25.919081,1553000
04-03-2013,28.34,28.4,27.700001,28.02,25.581287,1757300
07-03-2013,28.74,28.77,28.01,28.24,25.782137,1988100
08-03-2013,28.34,28.610001,28.129999,28.379999,25.909952,1517700
09-03-2013,28.33,28.49,27.690001,27.75,25.334782,2113000
10-03-2013,27.51,27.540001,26.950001,26.98,24.631798,2120300
11-03-2013,26.9,27.26,26.799999,27.190001,24.823524,1408700
14-03-2013,27.049999,27.08,25.92,26.370001,24.07489,4023900
15-03-2013,25.690001,26.07,25.6,25.82,23.572765,2895000
16-03-2013,25.639999,25.870001,24.370001,24.49,22.358515,4696700
17-03-2013,24.77,24.93,24.290001,24.58,22.440689,3500200
18-03-2013,25,25.24,24.73,24.790001,22.63241,4008000
21-03-2013,25.129999,25.530001,25.030001,25.360001,23.152798,1912900
22-03-2013,25.42,25.5,25.120001,25.15,22.961075,1386700
23-03-2013,24.91,25.530001,24.84,25.33,23.125406,2129100
24-03-2013,25.5,25.719999,25.34,25.58,23.353649,1251400
25-03-2013,25.68,25.68,25.280001,25.299999,23.098022,1161600
28-03-2013,25.32,25.719999,25.27,25.280001,23.079762,1081300
29-03-2013,25.110001,25.780001,24.950001,25.75,23.508856,2100600
30-03-2013,25.700001,26,25.459999,25.790001,23.545372,2031900
31-03-2013,25.790001,25.84,25.43,25.84,23.591019,1715200
01-04-2013,25.790001,28.639999,25.6,28.23,25.773012,17990300
04-04-2013,27.73,27.99,27.4,27.440001,25.051765,5710600
05-04-2013,27.4,28.299999,27.27,28,25.563026,4288600
06-04-2013,27.879999,29.1,27.82,28.83,26.320784,5103900
07-04-2013,28.879999,29.5,28.610001,29.07,26.539894,4883000
08-04-2013,29.129999,29.190001,28.26,28.450001,25.973862,3897100
11-04-2013,28.16,28.65,27.83,28.030001,25.590418,2953600
12-04-2013,28,28.209999,27.67,27.790001,25.371307,3388500
13-04-2013,28.08,28.15,27.459999,27.76,25.343912,2319600
14-04-2013,27.719999,28.049999,27.549999,27.809999,25.389561,1402000
15-04-2013,27.91,28.379999,27.709999,28.209999,25.754749,1562100
18-04-2013,27.77,27.860001,27.25,27.57,25.170446,1383700
19-04-2013,27.620001,29,27.32,27.4,25.015247,2341500
20-04-2013,27.52,27.709999,26.98,27.32,24.942209,2669200
21-04-2013,27.360001,27.639999,27.26,27.540001,25.143063,1231500
25-04-2013,27.559999,27.780001,27.01,27.23,24.860043,1312800
26-04-2013,27.34,27.65,27.209999,27.280001,24.905693,1398900
27-04-2013,27.25,27.610001,27,27.48,25.08828,1562600
28-04-2013,27.42,27.58,27.16,27.24,24.869169,1300000
29-04-2013,27.24,27.360001,27.02,27.120001,24.759615,1750800
02-05-2013,27.18,27.5,27.049999,27.139999,24.777876,1352800
03-05-2013,27.200001,27.23,26.59,26.77,24.440081,1701400
04-05-2013,26.870001,26.870001,26.25,26.59,24.275742,2377300
05-05-2013,26.51,26.77,26.34,26.51,24.202707,2201000
06-05-2013,26.629999,27,26.48,26.59,24.275742,1639300
09-05-2013,26.610001,27.379999,26.51,27.370001,24.987862,1449700
10-05-2013,27.299999,27.549999,27.09,27.459999,25.070023,991800
11-05-2013,27.42,27.58,26.879999,27.02,24.668316,1500000
12-05-2013,26.83,27.209999,26.559999,27.190001,24.823524,1700000
13-05-2013,27.25,27.360001,26.84,26.91,24.567898,1152200
16-05-2013,26.450001,28.08,26.190001,26.23,23.947077,9765700
17-05-2013,26.290001,26.35,25.860001,25.950001,23.691448,3392500
18-05-2013,25.92,26.190001,25.82,26.190001,23.910559,1632800
19-05-2013,26.219999,26.41,26,26.129999,23.855778,1591300
20-05-2013,26.030001,26.09,25.5,25.5,23.280611,1358400
23-05-2013,25.120001,25.280001,24.91,24.940001,22.769358,2000000
24-05-2013,25,25.16,24.790001,24.950001,22.778482,1750600
25-05-2013,24.889999,25.030001,24.620001,24.799999,22.641539,1165100
26-05-2013,24.809999,24.82,24.18,24.379999,22.258093,3318200
27-05-2013,24.629999,25.700001,24.549999,25.370001,23.16193,3736100
31-05-2013,25.52,25.68,25.18,25.52,23.298876,2174300
01-06-2013,25.370001,25.370001,24.450001,24.48,22.349388,1773800
02-06-2013,24.6,24.790001,24.43,24.559999,22.422426,1817200
03-06-2013,24.35,24.42,24.110001,24.129999,22.029846,1315300
06-06-2013,24.07,24.209999,23.469999,23.52,21.472942,1578500
07-06-2013,23.629999,24.15,23.610001,23.790001,21.719446,2073900
08-06-2013,23.65,23.83,23.389999,23.41,21.372513,1326600
09-06-2013,24.24,24.309999,23.75,24.15,22.048111,2289100
10-06-2013,24.059999,24.120001,23.700001,23.799999,21.728569,1553900
13-06-2013,23.870001,23.959999,23.67,23.799999,21.728569,1193800
14-06-2013,24.09,24.290001,23.950001,24.18,22.075497,1718100
15-06-2013,23.98,24.040001,23.459999,23.51,21.46381,1935800
16-06-2013,23.52,23.93,23.41,23.73,21.664663,2402800
17-06-2013,24.01,24.01,23.709999,23.77,21.701181,1515400
20-06-2013,23.790001,23.92,23.68,23.83,21.755959,842300
21-06-2013,23.98,24.360001,23.92,24.280001,22.166796,1490600
22-06-2013,24.24,24.459999,23.940001,23.969999,21.883772,1020300
23-06-2013,23.790001,23.82,23.02,23.35,21.317739,3158200
24-06-2013,23.450001,23.57,23.25,23.389999,21.354259,1955300
27-06-2013,23.34,23.75,23.299999,23.67,21.609886,1389100
28-06-2013,23.76,24.059999,23.530001,24.01,21.920301,1517000
29-06-2013,24.08,25.15,24.059999,25.139999,22.951946,2883200
30-06-2013,25.32,25.440001,25.110001,25.299999,23.098022,2714400
01-07-2013,25.24,26.190001,25.209999,26.120001,23.846647,1932300
05-07-2013,25.51,26.32,25.51,26.27,23.983597,1512000
06-07-2013,26.059999,26.110001,25.559999,25.6,23.371912,2456500
07-07-2013,25.83,26,25.549999,25.780001,23.536245,2537200
08-07-2013,25.42,25.459999,25.110001,25.370001,23.16193,1497500
11-07-2013,24.959999,25,24.08,24.129999,22.029846,2365600
12-07-2013,24.16,24.35,23.889999,23.91,21.829,1772800
13-07-2013,24,24.25,23.780001,23.82,21.746832,1178000
14-07-2013,23.860001,24.02,23.48,23.540001,21.491201,1278400
15-07-2013,23.700001,23.780001,23.33,23.690001,21.628151,1451500
18-07-2013,23.57,23.57,22.74,22.77,20.788216,2074500
19-07-2013,23,23.5,22.969999,23.360001,21.326864,2293500
20-07-2013,23.610001,23.66,23.280001,23.389999,21.354259,1626400
21-07-2013,23.549999,24,23.450001,23.84,21.765087,2077400
22-07-2013,23.889999,24.200001,23.790001,24.200001,22.093754,1014500
25-07-2013,23.879999,24.25,23.75,24.139999,22.03898,1831000
26-07-2013,24.059999,24.309999,23.959999,24.290001,22.175928,1586800
27-07-2013,24.540001,24.700001,23.139999,23.5,21.454681,3952200
28-07-2013,23.57,24.360001,23.57,24,21.911169,2551200
29-07-2013,23.68,24.52,23.5,24.07,21.975077,1846100
01-08-2013,24.35,24.469999,23.77,24.190001,22.084629,2260400
02-08-2013,23.85,24.02,23.120001,23.379999,21.345127,2769400
03-08-2013,23.379999,23.639999,22.76,23.49,21.445553,2267000
04-08-2013,23.049999,23.200001,22.389999,22.41,20.459547,3477200
05-08-2013,23,23.49,22.34,22.790001,20.806477,5748300
08-08-2013,22.23,22.690001,20.32,20.4,18.624483,5791100
09-08-2013,20.85,22.629999,20.5,22.620001,20.651272,5420600
10-08-2013,22.09,22.639999,21.24,21.469999,19.60136,4659900
11-08-2013,22.23,23.950001,21.85,23.540001,21.491201,4402500
12-08-2013,23.809999,24.139999,22.879999,22.969999,20.97081,2193900
15-08-2013,23.209999,23.719999,23.16,23.620001,21.564238,1309300
16-08-2013,23.299999,23.690001,22.110001,22.969999,20.97081,5510800
17-08-2013,23.16,23.5,22.75,22.870001,20.879517,1715500
18-08-2013,22.120001,22.16,21.450001,21.610001,19.729181,2397700
19-08-2013,21.26,22.1,21.15,21.200001,19.354864,1876800
22-08-2013,21.67,21.809999,20.9,20.98,19.154005,1646100
23-08-2013,21.709999,22.379999,21.07,22.360001,20.413902,3034400
24-08-2013,22.49,23.120001,22.280001,23.049999,21.043846,2045400
25-08-2013,23.41,23.43,22.02,22.24,20.30435,1668300
26-08-2013,22.040001,22.9,21.709999,22.73,20.751698,1532100
29-08-2013,23.040001,23.469999,22.889999,23.450001,21.409033,1875900
30-08-2013,23.23,23.66,22.969999,23.43,21.390774,1888800
31-08-2013,23.58,24.059999,23.34,23.690001,21.628151,2442400
01-09-2013,23.85,23.870001,23.07,23.15,21.135143,1780500
02-09-2013,22.57,22.93,22.190001,22.559999,20.5965,1891800
06-09-2013,21.48,21.959999,21.35,21.690001,19.802216,3607800
07-09-2013,23.16,23.66,22.67,23.559999,21.50946,3606600
08-09-2013,23.280001,23.59,22.950001,23.139999,21.126017,2582100
09-09-2013,22.82,23.01,22.219999,22.26,20.322607,2412600
12-09-2013,21.84,22.84,21.709999,22.82,20.833868,2985800
13-09-2013,22.93,23.77,22.73,23.57,21.518587,2835100
14-09-2013,23.780001,24.200001,23.27,23.780001,21.71032,3095900
15-09-2013,24.110001,25.219999,23.940001,25.139999,22.951946,4164300
16-09-2013,25.389999,25.780001,24.85,25.27,23.070635,6976300
19-09-2013,24.780001,25.049999,24.110001,24.790001,22.63241,2657900
20-09-2013,24.9,25.27,24.360001,24.700001,22.55024,2512100
21-09-2013,24.709999,24.99,24.139999,24.18,22.075497,2741800
22-09-2013,23.33,24.219999,23,24,21.911169,4815300
23-09-2013,23.82,24.459999,23.68,24.389999,22.267221,2849500
26-09-2013,24.719999,25.059999,24,24.99,22.815001,2534400
27-09-2013,25.74,25.99,24.879999,25.07,22.888037,3115400
28-09-2013,24.879999,24.879999,23.950001,23.99,21.902033,2615500
29-09-2013,24.610001,24.690001,23.17,24.059999,21.965942,3014300
30-09-2013,23.68,23.77,23.139999,23.139999,21.126017,2157800
03-10-2013,22.950001,23.73,22.280001,22.309999,20.36825,2649200
04-10-2013,21.969999,23.01,21.690001,22.940001,20.943422,3855800
05-10-2013,23.049999,24.129999,22.65,23.870001,21.79248,3844000
06-10-2013,23.709999,24.5,23.33,24.440001,22.31287,1827100
07-10-2013,24.52,24.65,23.809999,24.110001,22.011595,2798600
10-10-2013,24.639999,25.190001,24.549999,25.120001,22.933685,1834700
11-10-2013,24.809999,25.459999,24.67,25.07,22.888037,1771500
12-10-2013,25.65,25.959999,25.15,25.290001,23.088888,4614500
13-10-2013,25.139999,25.559999,24.879999,25.370001,23.16193,2738200
14-10-2013,25.74,25.799999,25.219999,25.459999,23.244097,1958000
17-10-2013,25.190001,25.52,24.83,24.92,22.751093,1654800
18-10-2013,24.92,25.190001,24.360001,25.07,22.888037,4225000
19-10-2013,25.049999,25.540001,24.690001,24.82,22.6598,2383300
20-10-2013,24.76,25.290001,24.610001,25.1,22.915428,2253100
21-10-2013,25.43,25.48,24.85,25.110001,22.924555,2478300
24-10-2013,25.09,25.870001,25.049999,25.629999,23.399298,2112300
25-10-2013,25.450001,25.620001,24.41,24.450001,22.321997,3337900
26-10-2013,24.6,25.25,23.66,24.309999,22.194181,5139800
27-10-2013,25.17,26,24.76,25.76,23.517982,3820900
28-10-2013,25.620001,26,25.549999,25.690001,23.454079,2202200
31-10-2013,25.440001,25.459999,25.040001,25.049999,22.869778,1852700
01-11-2013,24.1,25.25,23.27,24.360001,22.23983,7360900
02-11-2013,24.620001,24.98,24.17,24.690001,22.541111,2777700
03-11-2013,25,25.629999,24.440001,25.309999,23.107149,2760900
04-11-2013,24.940001,25.41,24.85,25.299999,23.098022,1929300
07-11-2013,25.280001,25.73,25.1,25.66,23.426687,1503400
08-11-2013,25.809999,26.120001,25.58,26,23.737093,2072400
09-11-2013,25.379999,25.57,25.190001,25.23,23.034111,3152200
10-11-2013,25.73,25.83,25.23,25.68,23.44495,2013200
11-11-2013,26.059999,26.67,25.99,26.51,24.202707,1875800
14-11-2013,26.25,26.57,26.059999,26.360001,24.065763,1835900
15-11-2013,26.389999,26.809999,26.049999,26.639999,24.321392,1659400
16-11-2013,26.15,26.299999,25.65,25.76,23.517982,2637900
17-11-2013,25.75,25.85,25.32,25.440001,23.225836,2156400
18-11-2013,25.690001,25.860001,25.41,25.67,23.435818,1336600
21-11-2013,25.18,25.370001,24.950001,25.16,22.970205,1729400
22-11-2013,25.110001,25.360001,24.98,25.059999,22.878906,1418800
23-11-2013,24.75,24.91,24.610001,24.610001,22.468073,1815500
25-11-2013,24.6,24.84,24.530001,24.549999,22.413298,838300
28-11-2013,25.32,25.43,25.030001,25.23,23.034111,1762400
29-11-2013,25.26,25.469999,25,25.01,22.833263,961400
30-11-2013,26.129999,26.290001,25.66,26.25,23.965338,2562100
01-12-2013,26.07,26.25,25.860001,26.1,23.82839,1777300
02-12-2013,26.4,26.5,25.719999,25.9,23.645798,1771500
05-12-2013,26.41,26.5,25.940001,26.200001,23.919687,1557900
06-12-2013,26.1,26.32,25.959999,26.15,23.874041,1135300
07-12-2013,25.889999,25.889999,25.370001,25.59,23.36278,2433500
08-12-2013,25.469999,25.469999,24.84,24.860001,22.696316,2547100
09-12-2013,25.01,25.629999,24.959999,25.52,23.298876,1974600
12-12-2013,25.17,25.219999,24.639999,24.85,22.687181,2003600
13-12-2013,24.959999,25.129999,24.139999,24.309999,22.194181,1855800
14-12-2013,24.18,24.360001,23.92,24.059999,21.965942,1597400
15-12-2013,24.49,24.530001,24.139999,24.25,22.139408,1260500
16-12-2013,24.43,24.52,23.98,24.030001,21.938555,1900400
19-12-2013,24.1,24.26,23.559999,23.610001,21.555105,1286800
20-12-2013,23.969999,24.559999,23.969999,24.43,22.303741,1282900
21-12-2013,24.440001,24.48,23.93,24.370001,22.24896,1210700
22-12-2013,24.42,24.709999,24.299999,24.530001,22.395039,991900
23-12-2013,24.530001,24.700001,24.370001,24.690001,22.541111,442800
27-12-2013,24.559999,24.9,24.51,24.629999,22.486332,707600
28-12-2013,24.66,24.66,24.25,24.290001,22.175928,737100
29-12-2013,24.379999,24.700001,24.290001,24.629999,22.486332,490500
30-12-2013,24.620001,24.700001,24.51,24.51,22.376781,634700
03-01-2014,25.030001,25.27,24.91,24.959999,22.787613,1468800
04-01-2014,24.690001,24.799999,24.43,24.620001,22.477203,1100900
05-01-2014,24.360001,24.719999,24.139999,24.66,22.513721,1072200
06-01-2014,24.629999,24.9,24.379999,24.43,22.303741,1192400
09-01-2014,24.41,24.66,24.27,24.33,22.21244,863900
10-01-2014,24.58,25.25,24.49,25.17,22.979334,2647200
11-01-2014,25.16,25.190001,24.91,25.049999,22.869778,2563700
12-01-2014,25.01,25.24,24.83,24.959999,22.787613,1535800
13-01-2014,24.74,24.85,24.58,24.799999,22.641539,1057800
17-01-2014,24.950001,25.15,24.5,24.52,22.385912,1062100
18-01-2014,24.57,24.85,24.469999,24.780001,22.623278,1204000
19-01-2014,24.940001,25.32,24.870001,25.139999,22.951946,1058000
20-01-2014,25.1,25.48,24.940001,25.34,23.134541,1391200
23-01-2014,25.43,25.610001,25.35,25.459999,23.244097,936100
24-01-2014,25.440001,25.75,25.35,25.66,23.426687,1444900
25-01-2014,25.65,25.940001,25.450001,25.9,23.645798,1319200
26-01-2014,26.059999,26.27,25.67,25.83,23.581892,1933300
27-01-2014,25.65,26.049999,25.610001,25.99,23.727962,1453800
30-01-2014,25.74,25.75,25.27,25.299999,23.098022,1756300
31-01-2014,25.49,25.49,24.67,24.76,22.605019,3010000
01-02-2014,24.950001,25.48,24.719999,24.77,22.614149,2447700
02-02-2014,24.540001,25.139999,24.5,24.66,22.513721,3602700
03-02-2014,25.040001,25.190001,24.9,25.07,22.888037,3356700
06-02-2014,24.969999,25.360001,24.91,25.35,23.143667,2080200
07-02-2014,25.32,25.82,25.17,25.700001,23.463207,2085800
08-02-2014,25.889999,26.25,25.68,26.24,23.956207,2748400
09-02-2014,26.26,26.33,25.77,25.879999,23.627537,1857900
10-02-2014,25.67,26.02,25.51,26,23.737093,1819600
13-02-2014,26.219999,26.469999,26.049999,26.360001,24.065763,1969800
14-02-2014,26.25,26.389999,26.07,26.360001,24.065763,1548400
15-02-2014,26.49,26.49,26.02,26.209999,23.928816,2006600
16-02-2014,26.129999,26.93,26.059999,26.75,24.421818,2256000
17-02-2014,26.77,26.870001,26.459999,26.809999,24.476597,2022700
21-02-2014,26.76,26.879999,26.530001,26.6,24.284874,1633000
22-02-2014,26.48,26.57,26.16,26.219999,23.937946,2086300
23-02-2014,26.26,26.4,25.969999,26.26,23.974463,1558600
24-02-2014,26.309999,26.799999,26.190001,26.690001,24.367041,1222200
26-02-2014,26.459999,26.9,26.200001,26.790001,24.458338,1140600
27-02-2014,26.83,26.83,26.52,26.629999,24.31226,1941500
     28-02-2014,26.75,26.99,26.309999,26.34,24.047506,1869800
01-03-2014,26.389999,26.719999,26.190001,26.309999,24.020113,2235500
02-03-2014,26.360001,26.459999,26.07,26.110001,23.837521,1371700
05-03-2014,26.16,26.299999,26,26.15,23.874041,1623700
06-03-2014,25.870001,25.98,25.41,25.469999,23.253225,1487100
07-03-2014,25.530001,25.67,25.41,25.639999,23.408428,1386300
08-03-2014,25.84,25.99,25.690001,25.950001,23.691448,1040300
09-03-2014,25.99,26.379999,25.91,26.129999,23.855778,1094800
12-03-2014,26.08,26.219999,25.780001,25.84,23.591019,1731200
13-03-2014,25.950001,26.73,25.940001,26.719999,24.39443,1970000
14-03-2014,26.73,26.85,26.43,26.49,24.184446,1003800
15-03-2014,26.559999,26.84,26.34,26.75,24.421818,1201300
16-03-2014,26.85,26.950001,26.52,26.610001,24.294003,1711400
19-03-2014,26.74,26.99,26.41,26.799999,24.467468,934400
20-03-2014,26.700001,26.870001,26.57,26.719999,24.39443,1614000
21-03-2014,26.82,26.940001,26.43,26.85,24.513115,1366200
22-03-2014,26.620001,26.969999,26.540001,26.879999,24.540501,1739800
23-03-2014,26.799999,26.84,26.200001,26.639999,24.321392,1446500
26-03-2014,26.889999,27.190001,26.73,27.18,24.814398,1447200
27-03-2014,27.209999,27.34,26.58,26.610001,24.294003,1332600
28-03-2014,26.540001,26.75,26.26,26.42,24.120544,1860800
29-03-2014,26.23,26.27,25.68,25.82,23.572765,2420300
30-03-2014,25.940001,26.08,25.68,25.9,23.645798,1643100
02-04-2014,25.82,26.120001,25.68,25.93,23.673189,2306500
03-04-2014,25.84,25.959999,25.530001,25.73,23.490595,1578200
04-04-2014,25.440001,25.59,25.219999,25.219999,23.024979,1429900
05-04-2014,25.07,25.690001,25.07,25.52,23.298876,3577100
09-04-2014,25.120001,25.48,25.09,25.35,23.143667,1291700
10-04-2014,25.17,25.190001,24.49,24.59,22.449814,3262400
11-04-2014,24.889999,25.049999,24.690001,24.73,22.577631,2313700
12-04-2014,24.709999,24.98,24.57,24.950001,22.778482,1133000
13-04-2014,24.82,24.950001,24.57,24.57,22.431557,1034300
16-04-2014,24.719999,24.73,24.4,24.43,22.303741,1239800
17-04-2014,24.6,24.870001,24.51,24.780001,22.623278,1915400
18-04-2014,24.620001,24.889999,24.6,24.709999,22.559366,1551300
19-04-2014,24.73,24.9,24.57,24.700001,22.55024,1628100
20-04-2014,24.809999,25.129999,24.75,25.040001,22.860651,2345500
23-04-2014,24.73,25.09,24.719999,25.02,22.84239,2525100
24-04-2014,25,25.530001,25,25.33,23.125406,3202400
25-04-2014,25.01,25.51,24.99,25.120001,22.933685,4491700
26-04-2014,24.959999,25.190001,24.75,25.07,22.888037,2565400
27-04-2014,25.200001,25.299999,25.049999,25.139999,22.951946,2725900
30-04-2014,25.07,25.07,24.450001,24.57,22.431557,3267800
01-05-2014,24.51,24.780001,24.43,24.440001,22.31287,2329300
02-05-2014,24.32,24.32,24,24.09,21.99333,1926300
03-05-2014,24.120001,24.17,23.24,23.67,21.609886,3842800
04-05-2014,23.52,23.91,23.52,23.67,21.609886,3099700
07-05-2014,23.48,23.68,23.299999,23.440001,21.399899,2655900
08-05-2014,23.23,23.68,23.08,23.65,21.591629,3493300
09-05-2014,23.360001,24.120001,23.309999,24.059999,21.965942,4988400
10-05-2014,24.200001,24.23,23.620001,23.73,21.664663,3026100
11-05-2014,23.42,23.67,23.200001,23.360001,21.326864,2028100
14-05-2014,23.139999,23.68,23,23.559999,21.50946,3360200
15-05-2014,23.48,23.82,23.42,23.68,21.619017,2912700
16-05-2014,23.860001,23.91,23.110001,23.120001,21.107756,2355400
17-05-2014,23.09,23.379999,23,23,20.998199,2715100
18-05-2014,23.139999,23.549999,21.92,21.99,20.076103,10746800
21-05-2014,21.6,22.969999,21.58,22.780001,20.797348,7912000
22-05-2014,22.77,22.969999,22.190001,22.32,20.37738,4088700
23-05-2014,21.799999,21.959999,21.48,21.809999,19.911766,7931600
24-05-2014,21.889999,21.93,21.559999,21.799999,19.902639,3065900
25-05-2014,21.84,22.23,21.690001,22.059999,20.140015,2950600
29-05-2014,22.280001,22.59,21.940001,22.219999,20.286083,2362400
30-05-2014,22.049999,22.059999,21.76,21.809999,19.911766,2783400
31-05-2014,21.879999,22.030001,21.59,21.879999,19.975677,2246900
01-06-2014,21.49,21.58,21.32,21.379999,19.519196,2605200
04-06-2014,21.35,21.59,21.25,21.389999,19.528324,1845900
05-06-2014,21.370001,21.969999,21.33,21.860001,19.957418,2096900
06-06-2014,21.950001,22.35,21.809999,22.24,20.30435,3356500
07-06-2014,22.190001,22.389999,22,22.110001,20.185667,2921700
08-06-2014,22.17,22.219999,21.85,22.120001,20.194788,2763800
11-06-2014,22.120001,22.190001,21.41,21.440001,19.573975,2856200
12-06-2014,21.549999,21.76,21.25,21.719999,19.829603,2556300
13-06-2014,21.450001,21.59,21.24,21.33,19.473553,2413600
14-06-2014,21.379999,21.540001,21.190001,21.27,19.41877,2571200
15-06-2014,21.27,21.5,21.030001,21.48,19.610493,2025500
18-06-2014,21.440001,21.780001,21.33,21.68,19.793087,1768800
19-06-2014,21.82,22.200001,21.76,22.15,20.222183,1958600
20-06-2014,22.15,22.5,22.02,22.24,20.30435,2163000
21-06-2014,22.34,22.360001,21.51,21.549999,19.674398,1633000
22-06-2014,21.58,21.83,21.5,21.77,19.875257,2461600
25-06-2014,21.440001,21.59,21.18,21.24,19.391384,1366500
26-06-2014,21.35,21.41,21.049999,21.290001,19.437033,1621500
27-06-2014,21.379999,21.67,21.190001,21.620001,19.738306,1386400
28-06-2014,21.469999,21.870001,21.360001,21.860001,19.957418,1120600
29-06-2014,22.280001,22.73,22.15,22.67,20.696926,2395000
02-07-2014,22.780001,22.92,22.549999,22.889999,20.897776,1694900
03-07-2014,22.85,22.92,22.709999,22.76,20.779093,510600
05-07-2014,22.66,22.84,22.5,22.549999,20.587368,1096700
06-07-2014,22.35,22.389999,22.059999,22.219999,20.286083,1018100
09-07-2014,22.09,22.209999,21.75,21.85,19.948288,1404400
10-07-2014,21.950001,22.200001,21.58,21.66,19.774828,1220300
11-07-2014,21.68,22.18,21.65,22.1,20.176535,1246300
12-07-2014,21.889999,22.110001,21.620001,22.040001,20.121758,1008900
13-07-2014,22.049999,22.690001,22.01,22.559999,20.5965,1323900
16-07-2014,22.530001,22.77,22.34,22.51,20.550848,998200
17-07-2014,22.809999,22.809999,22.42,22.76,20.779093,828100
18-07-2014,22.68,22.98,22.629999,22.9,20.906904,835700
19-07-2014,22.92,23.030001,22.620001,22.809999,20.824734,1012900
20-07-2014,22.559999,22.58,22.15,22.370001,20.423035,961700
23-07-2014,22.049999,22.24,21.91,22.15,20.222183,799300
24-07-2014,22.110001,22.280001,21.73,21.83,19.930031,1599100
25-07-2014,22.799999,23.25,22.43,22.870001,20.879517,3043400
26-07-2014,23.27,23.309999,23.030001,23.209999,21.189919,1626800
27-07-2014,23.43,23.5,23.129999,23.25,21.22644,2371200
30-07-2014,23.23,23.459999,22.91,23.16,21.144274,1472300
31-07-2014,22.959999,22.959999,22.5,22.700001,20.724312,2392700
01-08-2014,22.85,23.129999,22.620001,22.790001,20.806477,2090000
02-08-2014,22.67,22.860001,22.35,22.629999,20.660406,1896600
03-08-2014,23.07,23.41,22.92,22.959999,20.961679,1968500
06-08-2014,23.07,23.34,23.049999,23.15,21.135143,905600
07-08-2014,23.309999,23.6,23.23,23.389999,21.354259,998100
08-08-2014,23.190001,23.469999,23.190001,23.280001,21.253832,1107000
09-08-2014,23.219999,23.370001,23.09,23.290001,21.262962,757900
10-08-2014,23.200001,23.379999,23.16,23.360001,21.326864,830600
13-08-2014,23.379999,23.52,23.209999,23.379999,21.345127,851100
14-08-2014,23.43,23.530001,23.1,23.18,21.162535,934200
15-08-2014,23.139999,23.379999,23.139999,23.299999,21.272087,761300
16-08-2014,23.219999,23.48,23.15,23.42,21.381647,1385700
17-08-2014,23.450001,23.74,23.290001,23.59,21.53685,1267800
20-08-2014,23.65,23.68,23.459999,23.540001,21.491201,920400
21-08-2014,23.67,24.129999,23.49,23.719999,21.655537,1761000
22-08-2014,23.629999,23.629999,23.030001,23.190001,21.171663,1497300
23-08-2014,23.120001,23.17,22.83,22.870001,20.879517,1277400
24-08-2014,22.76,22.879999,22.49,22.77,20.788216,1665600
27-08-2014,22.92,23.07,22.799999,22.9,20.906904,978200
28-08-2014,22.860001,23.25,22.809999,23.09,21.080364,1193300
29-08-2014,23.15,23.200001,22.93,23,20.998199,1171300
30-08-2014,22.809999,22.870001,22.620001,22.790001,20.806477,1010800
31-08-2014,22.809999,22.940001,22.6,22.870001,20.879517,1213400
04-09-2014,22.790001,23.299999,22.76,23.25,21.22644,1148800
05-09-2014,23.290001,23.33,23,23.280001,21.253832,1288500
06-09-2014,23.43,23.76,23.32,23.73,21.664663,1103100
07-09-2014,23.76,23.93,23.68,23.73,21.664663,1150600
10-09-2014,23.610001,23.950001,23.52,23.59,21.53685,803700
11-09-2014,23.52,23.9,23.49,23.66,21.600756,1212600
12-09-2014,23.549999,23.82,23.5,23.809999,21.8578,900900
13-09-2014,23.77,24.26,23.66,24.209999,22.225004,1159900
14-09-2014,24.26,24.5,24.18,24.469999,22.46368,1654400
17-09-2014,24.4,24.450001,23.879999,24.110001,22.1332,1649200
18-09-2014,23.969999,24.040001,23.620001,23.639999,21.701735,1261300
19-09-2014,23.6,24.02,23.5,24,22.032221,1945500
20-09-2014,23.9,23.93,23.59,23.700001,21.756817,1333400
21-09-2014,23.860001,23.93,23.639999,23.790001,21.839439,1872800
24-09-2014,23.65,23.9,23.27,23.719999,21.775175,1377600
25-09-2014,23.870001,23.879999,23.08,23.17,21.270277,1462100
26-09-2014,23.190001,23.190001,22.879999,22.91,21.031588,969700
27-09-2014,23.120001,23.58,22.92,23.42,21.499777,1393500
28-09-2014,23.26,23.440001,23.1,23.290001,21.380434,1205600
01-10-2014,23.379999,23.719999,23.370001,23.530001,21.600756,1323100
02-10-2014,23.639999,23.639999,23.299999,23.32,21.407974,1913200
03-10-2014,23.33,23.4,23.18,23.25,21.343712,876800
04-10-2014,23.379999,23.809999,23.25,23.700001,21.756817,909500
05-10-2014,23.82,24.02,23.549999,23.59,21.655836,1102200
08-10-2014,23.450001,23.719999,23.4,23.540001,21.609938,688200
09-10-2014,23.459999,23.57,23.17,23.309999,21.398794,954200
10-10-2014,23.459999,23.76,23.33,23.559999,21.628292,1411800
11-10-2014,23.790001,23.790001,23.459999,23.5,21.573215,898800
12-10-2014,23.459999,23.530001,23.16,23.26,21.352892,1019800
15-10-2014,23.280001,23.719999,23.110001,23.690001,21.747633,993500
16-10-2014,23.809999,24.17,23.67,24.08,22.105658,1235000
17-10-2014,24.040001,24.49,23.860001,24.469999,22.46368,1066400
18-10-2014,24.42,24.58,24.360001,24.57,22.555483,1052300
19-10-2014,24.43,24.57,24.030001,24.27,22.280081,1207100
22-10-2014,24.07,24.35,23.91,24.129999,22.151558,1221000
23-10-2014,23.85,24.379999,23.75,24.129999,22.151558,1698500
24-10-2014,24.219999,24.43,23.48,23.58,21.646662,2543500
25-10-2014,23.6,24.17,23.549999,23.870001,21.912884,1649500
26-10-2014,23.889999,23.969999,23.639999,23.77,21.821081,569600
31-10-2014,23.99,24.030001,23.68,23.780001,21.830261,1563900
01-11-2014,23.889999,24.299999,23.75,24.16,22.1791,1531800
02-11-2014,24.280001,24.35,24.02,24.02,22.050583,892700
05-11-2014,23.9,24.360001,23.799999,24.280001,22.289265,749400
06-11-2014,24.33,24.52,24.1,24.41,22.408606,994900
07-11-2014,24.1,24.200001,23.719999,23.790001,21.839439,1583100
08-11-2014,23.75,24.15,23.549999,23.559999,21.628292,1071100
09-11-2014,23.52,23.93,23.48,23.59,21.655836,888700
12-11-2014,23.66,23.82,23.33,23.48,21.554853,720000
13-11-2014,23.35,23.719999,23.16,23.16,21.261095,943300
14-11-2014,23.200001,23.280001,22.77,22.809999,20.939787,1698100
15-11-2014,22.790001,23.110001,22.629999,23.07,21.178476,1615700
16-11-2014,23.08,23.17,22.809999,22.950001,21.06831,1763700
19-11-2014,23.209999,23.32,23.1,23.299999,21.389614,1310800
20-11-2014,23.25,23.25,22.950001,23.120001,21.224373,1339800
21-11-2014,23.15,23.25,22.98,23.23,21.325354,581500
23-11-2014,23.34,23.799999,23.209999,23.780001,21.830261,536200
26-11-2014,23.719999,23.780001,23.459999,23.540001,21.609938,779700
27-11-2014,23.48,23.790001,23.43,23.610001,21.6742,957700
28-11-2014,23.459999,24.190001,23.459999,23.950001,21.986324,1759000
29-11-2014,24,24.35,23.92,24.26,22.270905,969700
30-11-2014,24.24,24.42,24.120001,24.23,22.243362,1050800
03-12-2014,24.34,24.4,23.809999,23.889999,21.931242,1405200
04-12-2014,23.889999,24.16,23.870001,24.16,22.1791,1141800
05-12-2014,24.190001,24.26,23.639999,23.67,21.729277,2659500
06-12-2014,23.67,23.82,23.450001,23.690001,21.747633,2021100
07-12-2014,23.809999,23.92,23.6,23.709999,21.765997,808700
10-12-2014,23.75,23.940001,23.440001,23.48,21.554853,1219200
11-12-2014,23.639999,23.690001,23.469999,23.559999,21.628292,1407300
12-12-2014,23.5,24.74,23.4,24.309999,22.440628,4559400
13-12-2014,24.18,24.459999,24.18,24.33,22.459089,2352500
14-12-2014,23.959999,24.389999,23.959999,24.200001,22.339088,1562600
17-12-2014,24.33,24.690001,24.26,24.68,22.782179,1399100
18-12-2014,24.610001,25.23,24.469999,25.209999,23.27142,1812000
19-12-2014,25.09,25.42,25.08,25.219999,23.280645,1483900
20-12-2014,26.75,26.799999,25.68,26.110001,24.102215,5394100
21-12-2014,25.84,25.84,25.290001,25.49,23.529888,2542900
24-12-2014,25.59,25.59,25.18,25.219999,23.280645,508900
26-12-2014,25.27,25.35,25.07,25.16,23.225266,623100
27-12-2014,25.209999,25.209999,24.83,25.049999,23.123728,814400
28-12-2014,24.879999,25.129999,24.83,24.889999,22.976027,1254800
31-12-2014,24.879999,25.030001,24.75,24.99,23.068335,712800
02-01-2015,25.41,25.76,25.280001,25.76,23.779127,1310600
03-01-2015,25.75,26.629999,25.27,26.379999,24.35145,3502900
04-01-2015,26.309999,26.5,26.18,26.48,24.443758,1383900
07-01-2015,26.469999,26.469999,26.15,26.27,24.24991,862900
08-01-2015,26.18,26.24,25.950001,26.1,24.092985,985500
09-01-2015,26.01,26.48,26.01,26.370001,24.342222,914700
10-01-2015,26.5,26.629999,26.370001,26.629999,24.582222,930600
11-01-2015,26.48,26.610001,26.4,26.58,24.53607,671500
14-01-2015,26.610001,26.77,26.49,26.719999,24.665306,1063300
15-01-2015,26.719999,26.84,26.5,26.790001,24.729921,800500
16-01-2015,26.700001,27.07,26.639999,26.85,24.785309,1104200
17-01-2015,26.959999,27.200001,26.790001,27.07,24.98839,960600
18-01-2015,27.129999,27.26,27.030001,27.129999,25.043777,693300
22-01-2015,27.200001,27.51,27.110001,27.5,25.385324,971100
23-01-2015,27.48,27.5,27.1,27.379999,25.274548,859500
24-01-2015,27.389999,27.59,27.389999,27.51,25.394558,770700
25-01-2015,27.700001,27.719999,27.370001,27.700001,25.569944,621200
28-01-2015,27.629999,27.91,27.530001,27.780001,25.643797,869200
29-01-2015,27.709999,27.99,27.65,27.9,25.754566,1225200
30-01-2015,27.83,28,27.77,27.969999,25.819183,981900
31-01-2015,27.780001,28.49,27.4,28.32,26.142269,2172200
01-02-2015,28.620001,29.059999,28.41,28.639999,26.437664,1825800
04-02-2015,28.57,28.610001,28.120001,28.360001,26.179193,1114800
05-02-2015,28.59,28.92,28.27,28.809999,26.594593,1406800
06-02-2015,28.639999,29.030001,28.5,29,26.769981,1019000
07-02-2015,28.969999,29.290001,28.83,29.26,27.009991,942700
08-02-2015,29.4,29.49,29.139999,29.469999,27.203833,863800
11-02-2015,29.49,32.150002,29.32,30.379999,28.043861,6707500
12-02-2015,31.33,31.65,29.93,30.549999,28.20079,3385000
13-02-2015,30.440001,31.700001,30.440001,31.65,29.216206,3210700
14-02-2015,31.51,31.51,30.41,30.6,28.246939,5653100
15-02-2015,30.559999,31.799999,30.52,31.07,28.680805,2765600
19-02-2015,31.24,31.57,31.1,31.49,29.068506,1285000
20-02-2015,31.379999,31.52,30.99,31.049999,28.662338,1421200
21-02-2015,31.030001,31.24,30.75,30.98,28.597721,1077800
22-02-2015,31.040001,31.440001,31.030001,31.360001,28.948502,1740000
25-02-2015,31.52,31.780001,30.82,30.83,28.459263,1179400
26-02-2015,31.139999,31.73,31.059999,31.450001,29.03158,1847900
27-02-2015,31.25,31.879999,31.25,31.790001,29.34544,1016800
28-02-2015,31.799999,31.9,31.620001,31.66,29.225435,1164300
01-03-2015,31.6,31.700001,31.18,31.58,29.151583,1613000
04-03-2015,31.440001,32.049999,31.309999,32.029999,29.566978,1628400
05-03-2015,32.080002,32.830002,32.080002,32.450001,29.954683,1919000
06-03-2015,32.450001,32.790001,32.169998,32.23,29.751602,1427800
07-03-2015,32.299999,32.380001,31.969999,32,29.539289,1432000
08-03-2015,32.23,32.349998,31.969999,32.029999,29.566978,1147500
11-03-2015,32.009998,32.389999,31.92,32.310001,29.825455,681000
12-03-2015,32.049999,32.240002,32,32.099998,29.751305,943000
13-03-2015,32.110001,32.34,31.91,32.119999,29.769836,958700
14-03-2015,32.200001,32.779999,32.18,32.599998,30.214714,846400
15-03-2015,32.77,32.889999,32.43,32.57,30.186913,1779200
18-03-2015,32.169998,32.470001,32,32.310001,29.94594,744200
19-03-2015,32.34,32.400002,31.43,31.99,29.649351,1555700
20-03-2015,32.060001,32.220001,31.870001,31.940001,29.603006,1393300
21-03-2015,31.860001,32.389999,31.84,32.040001,29.69569,1202400
22-03-2015,32.189999,32.439999,32,32.360001,29.992283,749300
25-03-2015,32.439999,32.709999,32.029999,32.139999,29.788374,846700
26-03-2015,32.290001,32.540001,32.23,32.509998,30.131298,750800
27-03-2015,32.16,32.509998,31.950001,32.380001,30.010813,969300
28-03-2015,32.290001,32.400002,32.110001,32.299999,29.936665,1112400
01-04-2015,32.279999,32.5,31.959999,32.009998,29.667881,690200
02-04-2015,30.110001,30.110001,27.719999,27.91,25.867874,11443600
03-04-2015,28.01,28.6,27.870001,28.27,26.201538,3979100
04-04-2015,28.389999,28.870001,28.33,28.57,26.479586,2353200
05-04-2015,28.360001,28.889999,28.360001,28.76,26.655684,2477900
08-04-2015,28.77,29.01,28.51,29,26.878126,1437400
09-04-2015,29.09,29.15,28.35,28.75,26.646416,1806600
10-04-2015,28.709999,29.01,28.709999,29,26.878126,2028500
11-04-2015,28.98,29.42,28.91,29.17,27.035683,1754500
12-04-2015,29.110001,29.219999,28.91,29.18,27.044954,1218900
15-04-2015,29,29.280001,28.530001,28.540001,26.451778,976500
16-04-2015,28.690001,28.85,28.17,28.639999,26.544464,1240800
17-04-2015,28.16,28.6,28.16,28.299999,26.22934,1699000
18-04-2015,28.5,28.530001,27.780001,27.940001,25.895681,1490400
19-04-2015,28.040001,28.110001,27.860001,27.969999,25.923483,1574500
22-04-2015,27.93,28.200001,27.469999,28.15,26.090321,2513300
23-04-2015,28.24,28.57,28.15,28.469999,26.386902,1617400
24-04-2015,28.42,28.66,27.629999,28.200001,26.136656,2220500
25-04-2015,28.370001,28.91,28.200001,28.73,26.62788,2036300
26-04-2015,28.77,29.030001,28.66,28.91,26.794708,1249000
29-04-2015,29.02,29.17,28.879999,29.1,26.970808,1303500
30-04-2015,29.01,29.48,29.01,29.48,27.323004,1748200
01-05-2015,29.34,29.52,29.1,29.25,27.109831,919400
02-05-2015,29.280001,29.98,29.209999,29.969999,27.777151,1436500
03-05-2015,30.16,30.530001,30.16,30.459999,28.231297,2727800
06-05-2015,30.530001,30.68,30.129999,30.139999,27.934708,1299900
07-05-2015,30.209999,30.469999,30.18,30.219999,28.008858,1468900
08-05-2015,30.219999,30.610001,30.02,30.540001,28.305445,1224500
09-05-2015,30.5,30.559999,30.139999,30.23,28.018131,1098600
10-05-2015,30.18,30.6,30.049999,30.5,28.268375,1401800
13-05-2015,30.49,30.700001,30.23,30.48,28.249834,930100
14-05-2015,30.43,31.129999,30.43,30.92,28.657639,1274500
15-05-2015,30.889999,31.299999,30.74,31.129999,28.852272,1263400
16-05-2015,31,31.15,30.690001,30.76,28.509344,1050700
17-05-2015,30.780001,31.34,30.5,31.26,28.972761,2324100
20-05-2015,31.200001,31.5,31.040001,31.34,29.046907,1011000
21-05-2015,31.25,31.52,31.07,31.190001,28.907885,1080300
22-05-2015,30.389999,31.690001,30.34,30.98,28.713245,3056600
23-05-2015,30.709999,30.969999,30.389999,30.92,28.657639,2210600
24-05-2015,30.780001,30.82,30.309999,30.719999,28.472273,1010100
28-05-2015,31.209999,31.66,30.98,31.469999,29.1674,1632900
29-05-2015,31.5,31.799999,31.26,31.59,29.27862,1660400
30-05-2015,31.530001,32.450001,31.34,32.150002,29.797646,1384800
31-05-2015,32.119999,32.310001,31.459999,31.459999,29.158125,1653100
03-06-2015,31.459999,31.6,30.530001,31.059999,28.787395,1308500
04-06-2015,31.18,31.51,30.75,30.84,28.583494,1361300
05-06-2015,31.02,31.200001,30.59,31.040001,28.76886,1503900
06-06-2015,31.139999,31.860001,31.07,31.85,29.519594,1111500
07-06-2015,32.18,32.889999,31.940001,32.880001,30.474232,1293900
10-06-2015,33,33.43,32.580002,32.919998,30.511303,1117200
11-06-2015,32.470001,32.540001,31.969999,32.119999,29.769836,1189900
12-06-2015,32.169998,32.27,31.32,31.34,29.164951,1286700
13-06-2015,31.200001,32.740002,31.190001,32.580002,30.318892,2188600
14-06-2015,32.66,32.959999,32.34,32.599998,30.3375,991300
17-06-2015,32.860001,33.27,32.599998,33.040001,30.746965,803600
18-06-2015,32.98,33.349998,32.950001,33.189999,30.886553,993600
19-06-2015,33.099998,33.119999,32.639999,32.709999,30.439863,975000
20-06-2015,32.509998,32.990002,32.25,32.75,30.477085,1954100
21-06-2015,33.040001,33.049999,32.41,32.57,30.309584,2784500
24-06-2015,32.419998,32.57,31.52,31.85,29.639555,1178500
25-06-2015,31.99,32.630001,31.93,32.349998,30.104853,1425600
26-06-2015,32.709999,32.84,32.310001,32.43,30.179298,1757700
27-06-2015,32.669998,32.880001,32.43,32.860001,30.579456,1185500
28-06-2015,32.779999,32.939999,32.389999,32.790001,30.514317,1394700
01-07-2015,32.950001,33.459999,32.799999,33.110001,30.812098,957300
02-07-2015,33.240002,33.5,32.84,33.060001,30.765577,718300
03-07-2015,32.860001,32.970001,32.619999,32.720001,30.449173,410300
05-07-2015,32.759998,33.299999,32.73,33.299999,30.988922,734700
08-07-2015,33.389999,33.5,33.130001,33.139999,30.840023,809500
09-07-2015,33.34,33.459999,33.07,33.240002,30.933084,913800
10-07-2015,33.310001,33.43,32.959999,33.27,30.961,913300
11-07-2015,33.599998,34.189999,33.580002,34.119999,31.752008,1425200
12-07-2015,34.25,34.380001,34.07,34.299999,31.919525,700900
15-07-2015,34.330002,34.41,34.060001,34.139999,31.770618,639900
16-07-2015,34.099998,34.200001,33.52,33.779999,31.43561,1034800
17-07-2015,33.860001,33.98,33.599998,33.669998,31.333235,589500
18-07-2015,33.77,34.209999,33.650002,34.139999,31.770618,494000
19-07-2015,34.080002,34.080002,33.709999,33.889999,31.537964,798800
22-07-2015,34.09,34.099998,33.450001,33.759998,31.416996,1030300
23-07-2015,33.650002,34.139999,33.650002,33.84,31.491442,1224800
24-07-2015,33.889999,33.959999,32.650002,32.810001,30.532932,1349400
25-07-2015,32.759998,33.25,32.630001,33.23,30.923775,1631500
26-07-2015,32.950001,32.959999,32.5,32.919998,30.63529,1005100
29-07-2015,32.779999,33.009998,32.599998,33.009998,30.719046,919300
30-07-2015,32.07,32.52,31.870001,32.459999,30.207216,1928500
31-07-2015,32.34,32.700001,32.290001,32.400002,30.151384,1879600
01-08-2015,32.700001,33.209999,32.580002,33.200001,30.895861,1359000
02-08-2015,33.139999,33.189999,32.880001,32.98,30.69113,759000
05-08-2015,32.790001,32.830002,32.560001,32.610001,30.346802,568100
06-08-2015,32.669998,32.689999,32.32,32.529999,30.272356,1142500
07-08-2015,32.490002,32.490002,32.029999,32.240002,30.002485,645100
08-08-2015,32.369999,32.490002,32.119999,32.310001,30.067627,762300
09-08-2015,32.27,32.5,31.91,31.91,29.695389,844100
12-08-2015,31.9,32.279999,31.77,31.959999,29.741917,1411900
13-08-2015,31.9,32.110001,31.709999,31.91,29.695389,782200
14-08-2015,31.85,32.18,31.77,31.959999,29.741917,660700
15-08-2015,31.67,31.76,30.940001,31.139999,28.97883,1577900
16-08-2015,31.07,31.309999,30.700001,30.790001,28.653118,1297100
19-08-2015,30.76,31.1,30.639999,30.780001,28.643814,1333100
20-08-2015,30.76,31.35,30.75,31.219999,29.053276,1432700
21-08-2015,31.870001,32.040001,31.469999,31.540001,29.351068,1821100
22-08-2015,31.6,31.889999,29.83,30.459999,28.346022,2393000
23-08-2015,30.700001,30.959999,30.48,30.83,28.690346,2073900
26-08-2015,30.91,31,30.65,30.65,28.522833,1187600
27-08-2015,30.379999,30.49,29.84,29.940001,27.862112,1565700
28-08-2015,30.01,30.17,29.700001,29.84,27.769053,1881000
29-08-2015,29.74,30.200001,29.690001,30.059999,27.973782,1190400
30-08-2015,30.25,30.4,29.75,29.860001,27.787664,1255200
03-09-2015,30.35,30.49,29.67,29.780001,27.713217,1201100
04-09-2015,29.780001,30.33,29.51,30,27.917946,2417700
05-09-2015,29.959999,30.42,29.959999,30.27,28.169212,1170500
06-09-2015,30.440001,30.67,29.9,30.51,28.392551,1521200
09-09-2015,30.57,30.709999,30.360001,30.67,28.541449,1146300
10-09-2015,30.799999,31.1,30.75,30.98,28.829929,845800
11-09-2015,30.73,31.200001,30.620001,31,28.970114,1332800
12-09-2015,31.129999,31.33,30.76,31.290001,29.241119,1720600
13-09-2015,31.25,31.33,31.030001,31.25,29.203743,1275200
16-09-2015,31.549999,31.67,31.190001,31.42,29.362608,1683900
17-09-2015,31.41,31.559999,31.309999,31.530001,29.465406,902400
18-09-2015,31.459999,31.860001,31.23,31.77,29.68969,2816600
19-09-2015,31.75,32.080002,31.65,32.02,29.923321,1378100
20-09-2015,32.09,32.330002,31.959999,32.080002,29.979395,1603500
23-09-2015,31.91,32.68,31.879999,32.060001,29.960705,2626000
24-09-2015,32.130001,32.439999,31.98,32.18,30.072842,1277900
25-09-2015,32.200001,32.400002,32.009998,32.049999,29.951353,1061200
26-09-2015,32.049999,32.630001,32.040001,32.57,30.437309,920900
27-09-2015,32.299999,32.310001,32.099998,32.200001,30.091537,550500
30-09-2015,31.870001,32.130001,31.73,32.110001,30.007427,937300
01-10-2015,32.099998,32.5,31.950001,32.389999,30.269093,1203300
02-10-2015,32.299999,32.400002,32.02,32.380001,30.25975,1043800
03-10-2015,32.220001,32.5,32.009998,32.310001,30.19433,1320000
04-10-2015,32.349998,33.009998,32.27,32.900002,30.745701,1647700
07-10-2015,32.66,32.720001,32.27,32.279999,30.1663,956000
08-10-2015,32.290001,32.43,31.76,31.790001,29.708384,1143700
09-10-2015,31.950001,32.369999,31.76,32.02,29.923321,1245500
10-10-2015,32.259998,33.060001,32.25,33.02,30.857838,859700
11-10-2015,32.869999,33.32,32.869999,33.169998,30.998018,1064000
14-10-2015,33.009998,33.619999,33.009998,33.529999,31.33444,780200
15-10-2015,33.540001,33.830002,33.189999,33.330002,31.147543,954700
16-10-2015,33.610001,33.939999,33.389999,33.68,31.474623,1011300
17-10-2015,33.490002,34.16,33.490002,34.080002,31.848434,805700
18-10-2015,34.209999,34.240002,34,34.150002,31.913855,641200
21-10-2015,34.099998,34.23,33.380001,33.689999,31.483965,1411300
22-10-2015,33.830002,34.139999,33.560001,33.580002,31.381168,1300300
23-10-2015,33.75,35.619999,33.68,35.529999,33.203487,2448500
24-10-2015,35.529999,36.25,35.529999,35.650002,33.315628,1423200
25-10-2015,35.529999,36.029999,35.470001,35.700001,33.362358,1133900
28-10-2015,35.689999,35.950001,35.650002,35.720001,33.381046,1239100
29-10-2015,35.790001,36.040001,35.66,36.009998,33.652054,1371500
30-10-2015,35.939999,35.98,35.529999,35.73,33.390385,791900
31-10-2015,35.540001,35.709999,35.349998,35.43,33.110035,1165900
01-11-2015,35.419998,35.560001,35.009998,35.299999,32.988544,1256700
04-11-2015,35.48,35.509998,35.200001,35.459999,33.138065,579300
05-11-2015,35.189999,35.630001,35.080002,35.32,33.00724,731400
06-11-2015,35.450001,35.669998,35.360001,35.5,33.175457,594400
07-11-2015,35.66,35.84,35.07,35.119999,32.820332,643900
08-11-2015,35.25,36.009998,35.130001,35.93,33.57729,965100
11-11-2015,35.830002,36.200001,35.52,35.91,33.558598,796200
12-11-2015,35.900002,36.25,35.66,35.849998,33.502525,749100
13-11-2015,35.549999,36.18,35.509998,36.18,33.810925,658600
14-11-2015,36.34,37.23,36.09,37.200001,34.764137,1596000
15-11-2015,37.189999,37.200001,36.779999,37.080002,34.651997,1675700
18-11-2015,37.169998,37.619999,36.869999,37.599998,35.137936,1400600
19-11-2015,37,38.599998,36.900002,38.209999,35.707996,2134300
20-11-2015,38.150002,38.66,38.02,38.48,35.960316,1728700
21-11-2015,38.740002,39,38.560001,38.919998,36.371502,1476800
22-11-2015,39,39.68,38.919998,39.610001,37.016331,1575100
25-11-2015,39.610001,39.830002,39.259998,39.299999,36.726627,1373000
26-11-2015,39.259998,39.419998,38.779999,38.790001,36.250027,980400
27-11-2015,38.830002,39.080002,38.459999,38.639999,36.10984,965700
29-11-2015,38.790001,39.669998,38.59,39.290001,36.717285,866900
02-12-2015,39.470001,40.639999,39.290001,39.400002,36.820076,1676000
03-12-2015,39.220001,39.509998,38.700001,39.029999,36.474304,1139700
04-12-2015,38.990002,40.380001,38.740002,39.950001,37.334068,2418400
05-12-2015,39.580002,39.880001,38.82,38.860001,36.315434,1653100
06-12-2015,39.27,39.34,38.209999,38.880001,36.334129,2022100
09-12-2015,39.009998,39.119999,38.709999,38.91,36.362167,1202400
10-12-2015,38.82,39.009998,38.450001,38.889999,36.343464,1082900
11-12-2015,38.779999,39,38.619999,38.709999,36.296593,1139100
12-12-2015,38.740002,39.02,38.529999,38.790001,36.371601,1453000
13-12-2015,38.959999,38.970001,38.549999,38.549999,36.146561,969700
16-12-2015,38.73,38.959999,38.470001,38.720001,36.305977,1170000
17-12-2015,38.720001,39.330002,38.720001,39.310001,36.859184,1048800
18-12-2015,39.25,39.599998,38.540001,39.599998,37.1311,1611700
19-12-2015,39.450001,39.580002,39.23,39.459999,36.999832,860900
20-12-2015,39.599998,40.080002,39.389999,39.959999,37.468655,1700100
23-12-2015,39.369999,39.849998,39.360001,39.759998,37.281128,879300
24-12-2015,39.720001,39.959999,39.32,39.91,37.42178,348000
26-12-2015,40.119999,40.23,39.82,39.98,37.487408,514500
27-12-2015,39.970001,40.130001,39.759998,39.919998,37.431149,516200
30-12-2015,39.810001,39.970001,39.610001,39.830002,37.346752,615800
31-12-2015,39.959999,40.150002,39.619999,39.799999,37.318626,555600
02-01-2016,39.889999,39.959999,39.150002,39.200001,36.756039,1051300
03-01-2016,39.290001,39.98,39.290001,39.779999,37.299877,1222300
06-01-2016,39.689999,40.049999,39.5,39.880001,37.393646,1525000
07-01-2016,40.110001,40.369999,39.799999,40.07,37.571796,917300
08-01-2016,40.700001,40.740002,40.02,40.18,37.674946,1714900
09-01-2016,40.48,40.740002,40.150002,40.240002,37.731205,833200
10-01-2016,40.240002,40.529999,39.830002,39.919998,37.431149,1054700
13-01-2016,39.720001,40.27,38.91,39.150002,36.70916,1072700
14-01-2016,39.32,39.799999,39.209999,39.740002,37.262371,836500
15-01-2016,39.889999,39.91,39.080002,39.52,37.056091,1066700
16-01-2016,39.380001,39.98,39.380001,39.98,37.487408,1860600
17-01-2016,39.950001,40,39.43,39.720001,37.243626,1042800
21-01-2016,39.790001,40.119999,39.279999,39.400002,36.943577,1212100
22-01-2016,39.349998,39.75,39.209999,39.5,37.037334,998300
23-01-2016,39.310001,39.490002,38.439999,38.700001,36.287212,1219900
24-01-2016,38.310001,38.599998,37.580002,37.599998,35.255787,1299600
27-01-2016,37.830002,38.080002,37.189999,37.32,34.993252,1003100
28-01-2016,37.200001,37.82,37.169998,37.650002,35.302681,1603500
29-01-2016,37.419998,37.759998,37.060001,37.200001,34.880737,1493000
30-01-2016,37.400002,38.630001,37.400002,38.41,36.015289,1441900
31-01-2016,37.900002,38.650002,37.509998,38.150002,35.771503,1514000
03-02-2016,38.16,38.529999,37.080002,37.130001,34.815098,1492400
04-02-2016,37.099998,38.169998,36.369999,37.790001,35.433945,1938400
05-02-2016,37.299999,38.330002,36.849998,38.150002,35.771503,1430600
06-02-2016,38.369999,38.599998,37.73,37.849998,35.490208,1366700
07-02-2016,38,38.080002,37.459999,37.540001,35.199535,1913100
10-02-2016,37.610001,37.73,37.349998,37.509998,35.171402,1820100
11-02-2016,37.509998,38.529999,37.509998,38.369999,35.977783,1066200
12-02-2016,38.34,38.73,38.200001,38.59,36.184074,731600
13-02-2016,38.459999,38.849998,38.299999,38.689999,36.277836,391500
14-02-2016,38.599998,38.77,38.32,38.720001,36.305977,590700
18-02-2016,38.91,39.619999,38.73,39.110001,36.671654,1064500
19-02-2016,39.200001,39.790001,38.990002,39.57,37.102978,1907700
20-02-2016,39.419998,39.639999,39.18,39.48,37.018581,957700
21-02-2016,39.43,39.740002,38.889999,38.93,36.50288,1621600
24-02-2016,38.799999,39.650002,38.639999,39.119999,36.681026,1063100
25-02-2016,38.970001,39.400002,38.68,39.07,36.634144,1021900
26-02-2016,39.040001,39.299999,38.310001,38.349998,35.959026,1713100
27-02-2016,38.290001,38.549999,38.07,38.419998,36.02467,1481100
28-02-2016,38.5,39.060001,38.259998,38.389999,35.99654,1133500
03-03-2016,37.93,38.68,37.849998,38.349998,35.959026,1325800
04-03-2016,39.549999,39.900002,39.080002,39.82,37.337391,1557100
05-03-2016,39.34,40.080002,38.689999,40.040001,37.543667,1075300
06-03-2016,39.970001,40.950001,39.919998,40.700001,38.162525,1245400
07-03-2016,40.759998,41.25,40.560001,40.790001,38.246914,1316300
10-03-2016,40.669998,40.889999,40.209999,40.27,37.759323,1107200
11-03-2016,40.119999,40.369999,39.5,39.549999,37.084217,1227700
12-03-2016,39.349998,39.540001,38.830002,39.400002,37.065403,1094300
13-03-2016,39.470001,39.689999,38.790001,38.82,36.519768,1172300
14-03-2016,38.790001,39.41,38.52,39.330002,36.999546,1840900
17-03-2016,39.490002,39.900002,39.369999,39.73,37.375843,902000
18-03-2016,39.43,39.73,38.130001,38.5,36.218731,2938900
19-03-2016,38.580002,38.75,37.299999,37.5,35.277977,2710100
20-03-2016,37.43,37.68,37.290001,37.490002,35.268578,2241500
21-03-2016,37.959999,37.970001,37.32,37.540001,35.315613,2400600
24-03-2016,37.82,38.16,37.459999,38.09,35.833027,2142300
25-03-2016,38.209999,38.599998,37.740002,38.150002,35.889473,1355700
26-03-2016,38.310001,38.470001,37.560001,37.599998,35.372063,1526600
27-03-2016,37.630001,37.91,36.360001,37.139999,34.939312,2484200
28-03-2016,37.240002,37.66,36.580002,36.720001,34.544205,1971800
31-03-2016,36.639999,37.630001,36.639999,36.939999,34.751163,2167600
01-04-2016,37.310001,37.310001,35.509998,35.779999,33.659897,5836400
02-04-2016,36.02,37.110001,35.630001,36.98,34.788799,2352600
03-04-2016,37.099998,37.330002,36.09,36.439999,34.280792,2463000
04-04-2016,36.619999,36.830002,35,36.299999,34.149094,4030900
07-04-2016,36.299999,36.400002,35.639999,35.790001,33.669308,4113400
08-04-2016,35.82,36.27,34.68,34.810001,32.747375,3528600
09-04-2016,33.889999,34.959999,33.68,34.880001,32.813232,3826200
10-04-2016,34.900002,35.720001,34.27,34.889999,32.822639,4076100
11-04-2016,34.810001,35.23,34.040001,34.77,32.709743,3862600
14-04-2016,34.799999,35.369999,34.060001,34.41,32.371078,1999700
15-04-2016,34.360001,34.52,33.490002,34.130001,32.107674,2976600
16-04-2016,34.380001,34.98,34.240002,34.73,32.672115,2141200
17-04-2016,34.810001,35.450001,34.509998,35.009998,32.93552,1673000
21-04-2016,35.040001,35.630001,34.849998,35.48,33.377674,1540400
22-04-2016,36.02,36.82,35.830002,36.619999,34.450123,2859900
23-04-2016,36.459999,36.669998,36.080002,36.610001,34.440723,1890400
24-04-2016,34.860001,37.02,34.860001,36.27,34.120869,2240500
25-04-2016,36.459999,36.48,35.93,36.049999,33.913914,2010500
28-04-2016,36.25,36.439999,35.830002,36.299999,34.149094,1644600
29-04-2016,36.279999,36.689999,36.189999,36.5,34.337238,2096900
30-04-2016,36.630001,37.139999,36.389999,36.900002,34.713539,1615900
01-05-2016,36.950001,37.330002,36.639999,36.93,34.741764,888000
02-05-2016,36.93,37.360001,36.830002,36.849998,34.666504,929700
05-05-2016,36.439999,36.950001,36.209999,36.700001,34.525387,834600
06-05-2016,36.650002,36.650002,36.18,36.299999,34.149094,1537100
07-05-2016,36.389999,37.380001,36.389999,36.869999,34.685318,1351700
08-05-2016,36.84,37.27,36.5,36.560001,34.393681,1160900
09-05-2016,36.369999,36.639999,36.200001,36.369999,34.214943,1703700
12-05-2016,36.669998,37.060001,36.639999,36.830002,34.647686,924200
13-05-2016,36.77,36.98,34.700001,36.509998,34.346653,1910600
14-05-2016,36.560001,36.939999,36.41,36.529999,34.365459,1502300
15-05-2016,36.509998,36.619999,35.990002,36.220001,34.07383,1588000
16-05-2016,36.130001,36.310001,35.77,36.060001,33.923321,1455600
19-05-2016,35.860001,36.349998,35.790001,36.209999,34.064423,679600
20-05-2016,36.27,36.48,35.709999,35.75,33.631676,1088000
21-05-2016,35.91,36.509998,35.740002,36.299999,34.149094,1124700
22-05-2016,36.23,36.52,36.099998,36.360001,34.205528,727600
23-05-2016,36.450001,36.529999,36.18,36.450001,34.290203,708100
27-05-2016,36.59,37.349998,36.57,36.919998,34.732349,1499800
28-05-2016,37,37.509998,36.91,37.380001,35.165089,1070800
29-05-2016,37.5,37.77,37.220001,37.709999,35.475536,1026000
30-05-2016,37.490002,38.16,37.450001,37.900002,35.654285,1363000
02-06-2016,37.950001,38.07,37.630001,37.77,35.53199,875900
03-06-2016,37.610001,38.169998,37.610001,38.049999,35.795391,1218800
04-06-2016,38.02,38.209999,37.77,38.16,35.89888,1011700
05-06-2016,37.919998,38.18,36.889999,37.700001,35.466137,3333700
06-06-2016,37.950001,38.240002,37.540001,37.610001,35.38147,1276200
09-06-2016,37.580002,37.860001,37.380001,37.720001,35.484951,999400
10-06-2016,37.639999,37.689999,37.040001,37.139999,34.939312,791700
11-06-2016,36.889999,36.889999,36.419998,36.470001,34.448147,1167900
12-06-2016,36.540001,37.279999,36.240002,36.799999,34.759853,1378600
13-06-2016,36.75,37.049999,36.639999,36.73,34.693726,1092600
16-06-2016,36.740002,36.779999,36.349998,36.549999,34.523712,1124100
17-06-2016,36.509998,37.290001,36.490002,37.25,35.184906,907700
18-06-2016,37.299999,37.919998,37.150002,37.889999,35.789413,1202400
19-06-2016,37.869999,37.93,37.360001,37.529999,35.449379,982100
20-06-2016,37.549999,37.779999,37.41,37.779999,35.685516,1291100
23-06-2016,37.790001,39.240002,37.790001,38.869999,36.715092,2542800
24-06-2016,38.549999,38.68,37.650002,37.720001,35.628849,1612600
25-06-2016,37.66,38.470001,37.52,37.540001,35.458828,1479200
26-06-2016,37.419998,38.189999,37.310001,38.02,35.912212,1476500
27-06-2016,38,38.450001,37.869999,38.240002,36.120022,1450000
30-06-2016,38.119999,38.75,37.849998,38.619999,36.478947,1583800
01-07-2016,38.799999,39.470001,38.529999,39.330002,37.149593,1934600
02-07-2016,39.23,39.700001,39.02,39.650002,37.451847,1527700
03-07-2016,39.68,40,39.48,39.939999,37.725773,945700
07-07-2016,39.82,39.919998,39.470001,39.709999,37.508526,1455000
08-07-2016,39.619999,39.700001,38.82,38.919998,36.762314,1342700
09-07-2016,38.959999,39.200001,38.869999,39.119999,36.951225,829200
10-07-2016,38.720001,38.849998,38.310001,38.599998,36.460064,1159200
11-07-2016,38.540001,39.169998,38.41,39.110001,36.94178,763600
14-07-2016,39.619999,40.349998,39.529999,40.240002,38.00914,1385900
15-07-2016,40.27,40.459999,39.950001,40.029999,37.81078,1621800
16-07-2016,39.950001,40.360001,39.950001,40.299999,38.065811,573600
17-07-2016,40.16,40.73,40.139999,40.610001,38.358627,914900
18-07-2016,40.740002,41.639999,40.509998,40.990002,38.71756,2459000
21-07-2016,40.91,41.220001,40.599998,41.060001,38.78368,1793500
22-07-2016,41.099998,41.619999,41.060001,41.450001,39.152058,1290000
23-07-2016,41.419998,41.630001,41.139999,41.150002,38.86869,1897100
24-07-2016,41.34,42.580002,41.34,42.220001,39.879372,2115100
25-07-2016,42.18,42.5,42,42.360001,40.011608,1437300
28-07-2016,42.360001,42.91,42.189999,42.84,40.464996,996500
29-07-2016,42.700001,43.259998,42.700001,42.849998,40.474442,1748400
30-07-2016,43.049999,43.060001,42.610001,42.900002,40.521671,1416800
31-07-2016,42.580002,42.73,42.060001,42.189999,39.851032,1221100
01-08-2016,42.200001,42.369999,41.540001,41.970001,39.643234,1489300
04-08-2016,41.970001,42.389999,41.66,42.27,39.926594,1163400
05-08-2016,42.009998,42.310001,41.669998,41.68,39.369305,1403500
06-08-2016,41.66,42.16,41.610001,41.720001,39.407089,1484600
07-08-2016,41.880001,42.18,41.02,41.48,39.180397,1215800
08-08-2016,41.66,41.669998,41.18,41.630001,39.322083,1022200
11-08-2016,41.799999,42.099998,41.77,41.970001,39.643234,752400
12-08-2016,41.810001,42.119999,41.360001,41.580002,39.274853,802000
13-08-2016,40.91,42.139999,40.91,42.040001,39.709351,858400
14-08-2016,42.110001,42.290001,42,42.23,39.888817,682900
15-08-2016,42.32,42.41,41.709999,42.119999,39.784904,686500
18-08-2016,42.32,42.709999,42.209999,42.349998,40.002167,455900
19-08-2016,42.310001,42.529999,42.290001,42.490002,40.134399,601000
20-08-2016,42.439999,42.900002,42.310001,42.73,40.361095,831300
21-08-2016,42.650002,42.91,42.490002,42.75,40.379986,577400
22-08-2016,42.650002,42.889999,42.57,42.77,40.398884,613400
25-08-2016,42.990002,43.57,42.759998,43.459999,41.050625,864700
26-08-2016,43.509998,43.790001,43.330002,43.619999,41.201752,736700
27-08-2016,43.630001,43.779999,43.330002,43.720001,41.296211,858500
28-08-2016,43.470001,43.919998,43.279999,43.799999,41.371769,804700
29-08-2016,43.889999,44.060001,43.459999,43.470001,41.060074,822900
02-09-2016,43.799999,43.799999,43.240002,43.52,41.107296,891300
03-09-2016,43.720001,43.869999,43.200001,43.380001,40.975063,842100
04-09-2016,43.509998,43.639999,42.889999,43.119999,40.729469,594800
05-09-2016,43.119999,43.220001,42.830002,43.119999,40.729469,660600
08-09-2016,43.02,43.360001,43,43.279999,40.880604,679700
09-09-2016,43.16,43.330002,42.869999,42.950001,40.568909,777600
10-09-2016,42.919998,43.380001,42.77,43.349998,41.090233,622900
11-09-2016,43.049999,43.400002,42.810001,43.330002,41.07127,722600
12-09-2016,43.34,43.93,43.34,43.860001,41.573647,917100
15-09-2016,43.77,43.939999,43.470001,43.66,41.384068,742700
16-09-2016,43.560001,44.040001,43.560001,43.970001,41.677902,1008900
17-09-2016,44.040001,44.040001,43.759998,43.860001,41.573647,1509000
18-09-2016,44.02,44.330002,43.540001,43.720001,41.440948,1449800
19-09-2016,43.830002,44.130001,43.75,43.900002,41.611553,1712400
22-09-2016,43.779999,43.889999,43.150002,43.25,40.995449,712300
23-09-2016,43.259998,43.43,42.560001,42.57,40.350891,741700
24-09-2016,42.560001,42.849998,42.43,42.790001,40.559422,931100
25-09-2016,42.779999,42.91,41.93,42,39.810596,1098000
26-09-2016,41.830002,42.439999,41.830002,42.389999,40.180275,646900
29-09-2016,42,42.43,41.939999,42.349998,40.142353,1112800
30-09-2016,42.43,42.68,42.349998,42.419998,40.208714,698100
01-10-2016,42.43,42.43,41.84,41.950001,39.763206,767200
02-10-2016,42.360001,42.5,41.639999,42.09,39.895912,1123800
03-10-2016,42.310001,42.860001,42.299999,42.740002,40.512028,882900
06-10-2016,42.779999,42.84,42.150002,42.189999,39.990696,913200
07-10-2016,41.849998,41.900002,41.220001,41.220001,39.071255,1414300
08-10-2016,41.290001,42.169998,41.259998,42.150002,39.952782,1040500
09-10-2016,42.029999,42.150002,41.490002,41.52,39.355625,975500
10-10-2016,41.610001,42.25,41.32,41.360001,39.203957,1346800
13-10-2016,41.23,41.549999,39.919998,39.98,37.895901,1527400
14-10-2016,40.16,40.57,39.740002,39.779999,37.706329,1328800
15-10-2016,39.189999,40.009998,38.43,39.799999,37.725277,1587400
16-10-2016,39.459999,40.220001,39.099998,39.73,37.658932,939100
17-10-2016,40.09,40.540001,39.73,40.16,38.066517,1179300
20-10-2016,40.209999,40.799999,39.990002,40.740002,38.616287,659000
21-10-2016,40.860001,41.209999,40.68,41.189999,39.042828,1072400
22-10-2016,41.189999,41.400002,40.91,40.93,38.796371,801500
23-10-2016,41.330002,41.639999,41.009998,41.299999,39.147087,1142900
24-10-2016,40.450001,41.040001,39.939999,40.880001,38.748985,1294600
27-10-2016,40.59,41.110001,40.52,40.990002,38.853252,1127000
28-10-2016,41.259998,41.900002,40.950001,41.82,39.639977,820900
29-10-2016,42,42.529999,41.77,42.43,40.218185,946500
30-10-2016,42.389999,42.98,42.310001,42.77,40.540462,903100
31-10-2016,43,43.389999,42.919998,43.259998,41.004921,1371700
03-11-2016,43.110001,43.689999,43,43.529999,41.260849,842300
04-11-2016,43.549999,44.029999,43.419998,43.689999,41.412506,916500
05-11-2016,44.040001,44.040001,43.470001,43.740002,41.4599,1383600
06-11-2016,43.849998,44.049999,43.709999,43.900002,41.611553,959700
07-11-2016,44.139999,44.139999,43.68,43.880001,41.592598,795700
10-11-2016,43.720001,44.07,43.580002,44.029999,41.734787,727600
11-11-2016,44.009998,44.290001,43.82,44.27,41.962273,431800
12-11-2016,44.09,44.27,43.939999,44.029999,41.734787,532400
13-11-2016,44.130001,44.209999,43.560001,43.790001,41.507294,596700
14-11-2016,43.700001,43.990002,43.57,43.779999,41.497814,489600
17-11-2016,43.720001,43.93,43.490002,43.73,41.450413,575600
18-11-2016,43.810001,44.009998,43.709999,43.990002,41.696865,953900
19-11-2016,43.91,44.009998,43.290001,43.98,41.687389,844800
20-11-2016,43.689999,44.18,43.580002,44.16,41.858006,695100
21-11-2016,44.560001,44.650002,43.380001,44.099998,41.801132,957900
24-11-2016,44.279999,44.68,44.099998,44.639999,42.312984,787700
25-11-2016,44.630001,44.810001,44.439999,44.580002,42.256115,685600
26-11-2016,44.57,44.869999,44.509998,44.830002,42.493076,491100
28-11-2016,44.82,44.970001,44.610001,44.91,42.568905,235800
01-12-2016,44.849998,44.939999,44.259998,44.27,41.962273,1034700
02-12-2016,44.48,45.110001,44.310001,45.07,42.720577,573800
03-12-2016,45.080002,45.57,44.880001,45.540001,43.166073,528400
04-12-2016,45.639999,46,45.369999,45.939999,43.545219,665700
05-12-2016,46,46.5,45.610001,45.68,43.298767,910000
08-12-2016,46.09,47,46.09,46.259998,43.84853,1197500
09-12-2016,46.900002,46.91,46.290001,46.41,43.990711,1719900
10-12-2016,45.98,46.389999,45.75,45.790001,43.54377,1173000
11-12-2016,45.91,47.080002,45.810001,46.970001,44.66589,1583600
12-12-2016,46.5,48.23,45.98,46.110001,43.848072,1587600
15-12-2016,46.240002,46.830002,46,46.459999,44.180901,1302200
16-12-2016,46.509998,46.720001,45.740002,45.740002,43.49622,1490700
17-12-2016,45.990002,46.689999,45.779999,46.529999,44.247471,770800
18-12-2016,47.02,47.860001,46.630001,47.860001,45.51223,775200
19-12-2016,48.240002,48.919998,47.970001,48.689999,46.301506,2225600
22-12-2016,48.389999,49.380001,48.389999,49.290001,46.872078,901700
23-12-2016,49.52,49.709999,49.119999,49.139999,46.729435,805600
24-12-2016,49.290001,49.450001,48.720001,48.740002,46.34906,346200
26-12-2016,48.790001,49.220001,48.689999,48.700001,46.311028,354300
29-12-2016,48.68,49.060001,48.439999,48.849998,46.453663,420200
30-12-2016,48.82,48.84,48.470001,48.630001,46.244453,358000
31-12-2016,48.880001,48.880001,47.950001,47.959999,45.607315,440900
02-01-2017,48.220001,48.41,47.419998,47.860001,45.51223,596100
05-01-2017,47.619999,47.91,47.259998,47.610001,45.274487,955600
06-01-2017,47.759998,47.98,47.16,47.580002,45.245964,1034700
07-01-2017,47.889999,48.279999,47.32,48.259998,45.892601,990800
08-01-2017,48.490002,49.330002,48.439999,49.009998,46.605812,1205600
09-01-2017,49.209999,49.389999,48.32,48.5,46.120827,714500
12-01-2017,48.389999,48.490002,47.25,47.349998,45.027241,1386300
13-01-2017,47.549999,48.040001,46.349998,46.709999,44.41864,1773400
14-01-2017,46.150002,46.630001,45.099998,45.66,43.420143,1409000
15-01-2017,45.669998,46.200001,45.209999,45.759998,43.515247,1224100
16-01-2017,45.73,46.389999,45.540001,46.290001,44.019245,2202400
20-01-2017,46.599998,46.77,45.68,45.950001,43.695919,1263600
21-01-2017,45.740002,46.18,45.380001,45.700001,43.458183,817600
22-01-2017,45.689999,46.639999,45.380001,46.540001,44.256981,1201100
23-01-2017,46.459999,46.779999,46.200001,46.560001,44.275997,820600
26-01-2017,46.459999,46.720001,46.130001,46.57,44.285507,904500
27-01-2017,46.16,46.540001,45.889999,46.080002,43.819546,738500
28-01-2017,46.080002,46.32,44.93,45.040001,42.830559,1131100
29-01-2017,45.27,45.869999,44.82,45.169998,42.954182,1502600
30-01-2017,45.119999,45.990002,44.91,45.599998,43.363083,1435500
02-02-2017,45.610001,46.849998,45.610001,46.810001,44.513729,1345500
03-02-2017,46.98,47.27,46.759998,47.049999,44.741966,1025800
04-02-2017,46.919998,47.869999,46.73,47.599998,45.264984,1123900
05-02-2017,47.779999,48.91,47.689999,48.299999,45.930641,841800
06-02-2017,48.630001,49.240002,48.41,49.240002,46.824535,1273300
09-02-2017,49,49.130001,48.380001,48.490002,46.11132,821800
10-02-2017,48.709999,49.049999,48.07,48.549999,46.168377,888400
11-02-2017,48.529999,49.369999,48.41,49.18,46.767475,985600
12-02-2017,49.290001,50,49.220001,49.75,47.309517,818600
13-02-2017,49.84,49.98,49.34,49.48,47.052753,811200
17-02-2017,49.509998,49.93,49.259998,49.919998,47.471172,854300
18-02-2017,49.68,50.200001,49.619999,49.91,47.461658,821600
19-02-2017,49.619999,50.389999,49.619999,50.299999,47.832527,886500
20-02-2017,50.25,50.959999,49.82,50.939999,48.441132,740600
23-02-2017,50.919998,50.939999,50.419998,50.790001,48.298496,711900
24-02-2017,50.779999,51.220001,50.41,50.650002,48.165367,888200
25-02-2017,50.650002,50.959999,50.5,50.790001,48.298496,581700
26-02-2017,50.759998,51,50.310001,50.639999,48.155849,949100
27-02-2017,50.509998,50.57,50.09,50.16,47.699406,724600
02-03-2017,50.369999,50.93,50.290001,50.919998,48.422115,761800
03-03-2017,50.900002,51.130001,50.209999,50.599998,48.117813,646700
04-03-2017,50.509998,51.099998,50.240002,51.02,48.517216,987500
05-03-2017,51.040001,51.040001,50.400002,50.779999,48.288986,635800
06-03-2017,50.66,51.099998,50.119999,50.189999,47.727928,742000
09-03-2017,50.259998,50.849998,50.009998,50.700001,48.21291,619100
10-03-2017,50.310001,50.389999,49.639999,49.639999,47.204903,911200
11-03-2017,49.599998,49.790001,49.240002,49.34,47.061836,1001200
12-03-2017,49.450001,50.029999,49.450001,49.990002,47.68182,792500
13-03-2017,50.060001,50.330002,49.5,50.25,47.929817,865900
16-03-2017,50.619999,51.18,50.619999,50.810001,48.463963,562500
17-03-2017,50.549999,51,50.330002,50.939999,48.587955,546700
18-03-2017,50.630001,50.720001,49.200001,49.52,47.233524,1747700
19-03-2017,49.349998,50.610001,49.259998,50.41,48.082432,1281000
20-03-2017,50.610001,50.849998,50.25,50.439999,48.111038,1393800
23-03-2017,50.400002,50.619999,50.049999,50.330002,48.006126,862100
24-03-2017,50.209999,50.419998,49.759998,50.169998,47.853508,986700
25-03-2017,50.110001,50.240002,49.07,49.16,46.890152,2018100
26-03-2017,49.009998,49.689999,48.91,49.549999,47.262142,999500
27-03-2017,49.380001,49.77,49.189999,49.700001,47.405216,725300
30-03-2017,49.830002,50.810001,49.779999,50.700001,48.359047,619100
31-03-2017,50.630001,51.009998,50.310001,50.939999,48.587955,1193100
01-04-2017,50.639999,50.93,50.259998,50.459999,48.130123,884100
02-04-2017,50.41,50.57,49.950001,50.110001,47.79628,760700
06-04-2017,49.619999,50.630001,49.209999,50.580002,48.244579,809500
07-04-2017,50.68,50.880001,50.009998,50.009998,47.700901,517500
08-04-2017,49.970001,50.400002,49.759998,49.919998,47.615055,917400
09-04-2017,49.860001,50.16,49.59,50.139999,47.824902,420000
10-04-2017,50.110001,50.59,49.970001,50.580002,48.244579,668400
13-04-2017,50.470001,50.669998,50.27,50.32,47.99659,744100
14-04-2017,50.220001,50.290001,49.580002,49.709999,47.414753,1230900
15-04-2017,49.700001,49.93,49.299999,49.509998,47.223984,1010200
16-04-2017,49.43,49.889999,49.169998,49.799999,47.500591,777200
17-04-2017,49.580002,49.720001,48.459999,48.68,46.432312,1591300
20-04-2017,48.68,48.939999,48.279999,48.34,46.108009,1427000
21-04-2017,48.380001,48.970001,48.34,48.720001,46.470463,1742800
22-04-2017,48.75,49.23,48.639999,48.84,46.584923,2193000
23-04-2017,48.720001,50.080002,48.639999,49.759998,47.462444,1417000
24-04-2017,49.349998,49.84,48.25,48.57,46.327389,2038000
27-04-2017,48.630001,48.759998,48.110001,48.259998,46.0317,1421100
28-04-2017,48.290001,49.439999,48.139999,49.32,47.042759,989500
29-04-2017,49.34,49.75,48.77,48.959999,46.699379,1024200
30-04-2017,48.889999,49.25,48.459999,48.630001,46.384621,647300
01-05-2017,48.84,49.169998,48.619999,49.049999,46.785225,640500
04-05-2017,49.220001,49.709999,49.119999,49.619999,47.328907,712500
05-05-2017,49.540001,49.93,49.209999,49.43,47.147682,1027800
06-05-2017,49.43,49.990002,48.740002,48.970001,46.70892,1056300
07-05-2017,48.93,49.919998,48.91,49.889999,47.586437,751100
08-05-2017,50.279999,50.790001,50.209999,50.549999,48.215969,995400
11-05-2017,50.630001,51.16,50.389999,50.810001,48.463963,951100
12-05-2017,50.66,50.869999,50.279999,50.5,48.168278,770900
13-05-2017,50.490002,50.93,50.299999,50.75,48.406731,572800
14-05-2017,51.080002,51.48,50.830002,51.450001,49.074409,541900
15-05-2017,51.619999,51.77,51.099998,51.189999,48.826416,807600
18-05-2017,51.23,51.84,51.200001,51.779999,49.389172,552500
19-05-2017,52.380001,52.419998,52,52.27,49.856548,840900
20-05-2017,52.200001,52.23,51.630001,51.830002,49.436867,770600
21-05-2017,51.720001,52.41,51.650002,52.27,49.856548,822100
22-05-2017,52.139999,52.939999,52.110001,52.619999,50.190384,837500
26-05-2017,52.5,52.57,51.869999,51.93,49.532246,994600
27-05-2017,51.990002,52.25,51.689999,52.060001,49.656242,754100
28-05-2017,51.73,52.450001,51.669998,52.34,49.923321,497500
29-05-2017,52.290001,52.43,51.740002,51.75,49.360561,1059600
01-06-2017,52.049999,52.16,51.450001,51.490002,49.112564,1287100
02-06-2017,51.529999,51.619999,51.189999,51.599998,49.217484,724100
03-06-2017,51.82,52.34,51.68,51.950001,49.551323,676900
04-06-2017,51.759998,51.939999,51.029999,51.330002,48.959953,672400
05-06-2017,51.310001,51.610001,50.43,50.529999,48.196888,1457100
08-06-2017,50.580002,50.580002,49.509998,50.029999,47.719975,1540200
09-06-2017,50.150002,50.360001,49.689999,50.139999,47.824902,962600
10-06-2017,50.169998,50.959999,50.169998,50.759998,48.65889,1000300
11-06-2017,50.959999,51.279999,50.860001,51.09,48.975227,583000
12-06-2017,51.040001,51.16,50.669998,50.740002,48.639717,544800
15-06-2017,50.439999,50.560001,49.93,50.34,48.256271,587900
16-06-2017,50.299999,50.700001,50.189999,50.59,48.495922,621100
17-06-2017,50.599998,51.360001,50.509998,51.049999,48.936886,980700
18-06-2017,51.369999,51.59,51.139999,51.279999,49.157356,804500
19-06-2017,50.889999,51.169998,50.220001,50.389999,48.304203,1241300
22-06-2017,50.630001,51,50.450001,50.619999,48.524681,544200
23-06-2017,50.779999,50.860001,50.470001,50.540001,48.447994,486800
24-06-2017,50.48,50.630001,49.73,49.740002,47.681103,750800
25-06-2017,49.880001,50.34,49.799999,49.959999,47.891998,762000
26-06-2017,50.02,50.169998,49.650002,49.700001,47.642761,746200
29-06-2017,49.310001,49.509998,48.529999,48.549999,46.540363,780900
30-06-2017,48.869999,49.209999,48.630001,48.810001,46.789608,821900
01-07-2017,48.799999,49.080002,48.299999,48.709999,46.693741,1171900
02-07-2017,49.080002,49.200001,48.689999,49.130001,47.096359,1121600
06-07-2017,49.080002,49.200001,48.439999,48.759998,46.741669,1195200
07-07-2017,48.689999,48.889999,47.810001,48.84,46.818359,1317200
08-07-2017,48.57,48.619999,47.860001,47.860001,45.878925,1763300
09-07-2017,48.639999,49.849998,48.5,49.220001,47.182632,1444400
10-07-2017,50.169998,50.639999,49.540001,50.48,48.39048,1013700
13-07-2017,50.970001,51.18,50.669998,50.68,48.582195,778100
14-07-2017,50.669998,51.290001,50.52,51.16,49.042328,529700
15-07-2017,51.060001,51.400002,50.810001,51.23,49.109432,630600
16-07-2017,51.560001,51.869999,51.400002,51.869999,49.722935,681800
17-07-2017,51.720001,51.900002,51.470001,51.84,49.694183,520200
20-07-2017,51.790001,52.009998,51.630001,51.75,49.607906,470500
21-07-2017,51.75,51.810001,51.080002,51.209999,49.09026,738800
22-07-2017,50.970001,51.779999,50.970001,51.73,49.588734,912200
23-07-2017,50.889999,52.220001,50.860001,51.529999,49.397011,731700
24-07-2017,51.650002,52.419998,51.619999,51.889999,49.742111,663800
27-07-2017,51.759998,51.900002,51.080002,51.169998,49.051907,940800
28-07-2017,51.310001,51.669998,50.459999,50.639999,48.543858,1387500
29-07-2017,50.580002,51.23,48.77,50.990002,48.87936,762200
30-07-2017,50.889999,51.189999,50.73,50.990002,48.87936,1112800
31-07-2017,51.580002,51.630001,50.790001,51.029999,48.917709,1054500
03-08-2017,50.689999,51.029999,50.689999,50.990002,48.87936,923300
04-08-2017,51.099998,51.599998,50.93,51.380001,49.253223,2275100
05-08-2017,51.580002,52.549999,51.450001,52.470001,50.298107,1328700
06-08-2017,52.720001,53.5,52.349998,52.779999,50.595268,1508700
07-08-2017,52.529999,53,52.459999,52.93,50.739063,1011300
10-08-2017,53.34,53.950001,53.09,53.549999,51.333397,892500
11-08-2017,53.32,53.509998,52.939999,53.310001,51.103333,815200
12-08-2017,52.759998,53.16,52.009998,53.040001,50.844509,821700
13-08-2017,53.080002,53.98,52.939999,53.630001,51.410088,813600
14-08-2017,53.630001,54.349998,53.450001,54.259998,52.014011,827200
17-08-2017,54.049999,54.400002,53.549999,54.169998,51.927734,942500
18-08-2017,54.279999,54.68,54.060001,54.310001,52.061943,875600
19-08-2017,54.060001,54.259998,53.580002,54.029999,51.79353,1413500
20-08-2017,53.459999,53.720001,53.060001,53.060001,50.863682,1251300
21-08-2017,52.650002,53.049999,51.369999,51.549999,49.416183,4102000
24-08-2017,49.080002,51.470001,47.950001,49.639999,47.585251,2449800
25-08-2017,50.880001,51.110001,48.84,48.84,46.818359,3335600
26-08-2017,50.130001,50.490002,48.200001,49.689999,47.633175,5780000
27-08-2017,50.240002,51.310001,50.240002,51.299999,49.176529,1794600
28-08-2017,51.110001,51.540001,51.009998,51.490002,49.358673,1276000
31-08-2017,51.130001,51.549999,51.009998,51.189999,49.071083,1383900
01-09-2017,50.09,50.639999,49.82,50.02,47.949524,1604500
02-09-2017,50.630001,50.84,50.080002,50.779999,48.678062,954800
03-09-2017,50.990002,51.75,50.869999,51.150002,49.032738,766800
04-09-2017,50.689999,50.860001,50.040001,50.299999,48.217926,769400
08-09-2017,51.060001,51.98,50.959999,51.959999,49.809212,821400
09-09-2017,52.41,52.48,50.810001,50.950001,49.077152,999400
10-09-2017,50.889999,51.549999,50.540001,51.330002,49.443188,719700
11-09-2017,51.18,51.759998,50.91,51.75,49.847744,551500
14-09-2017,51.759998,51.82,51.25,51.369999,49.481709,886800
15-09-2017,51.720001,52,51.439999,51.73,49.82848,933100
16-09-2017,51.490002,51.91,51.25,51.84,49.934441,1034900
17-09-2017,51.84,52.18,50.84,50.950001,49.077152,1285100
18-09-2017,50.150002,50.650002,49.889999,50.470001,48.614796,1875200
21-09-2017,50.860001,51.209999,50.650002,51.169998,49.289059,1057800
22-09-2017,50.490002,51.049999,50.439999,51.040001,49.163845,1046400
23-09-2017,51,52.099998,50.98,51.98,50.069286,990500
24-09-2017,51.610001,52.220001,51.419998,51.939999,50.030762,1512000
25-09-2017,52.450001,54,51.959999,53.48,51.514149,1070500
28-09-2017,53.299999,53.419998,52,52.02,50.107819,1028700
29-09-2017,52.029999,52.23,51.419998,51.810001,49.905537,1318400
30-09-2017,52.43,53.439999,52.130001,53.330002,51.369663,1308800
01-10-2017,53.459999,53.57,51.98,52.619999,50.685764,1266600
02-10-2017,51.669998,52.639999,50.98,52.630001,50.695396,826500
05-10-2017,53.110001,53.700001,52.860001,53.650002,51.677906,651300
06-10-2017,53.59,53.610001,52.919998,53.380001,51.417824,805100
07-10-2017,53.75,53.990002,52.830002,53.259998,51.302235,883100
08-10-2017,53.16,53.880001,52.75,53.779999,51.803123,756500
09-10-2017,53.82,53.990002,52.869999,53.09,51.138489,536400
12-10-2017,53.18,54.279999,52.84,54.130001,52.140263,663400
13-10-2017,53.810001,54.360001,53.220001,53.610001,51.639366,1157700
14-10-2017,53.759998,54.200001,53.220001,53.669998,51.697166,726000
15-10-2017,53.82,54.939999,53.700001,54.91,52.891586,912000
16-10-2017,55,55.189999,54.540001,54.970001,52.949387,894200
19-10-2017,54.77,55.459999,54.75,55.439999,53.402103,760400
20-10-2017,55.389999,56.02,55.349998,55.830002,53.777767,606700
21-10-2017,56.049999,56.18,55.240002,55.259998,53.228718,1048500
22-10-2017,55.330002,59.369999,55.330002,59.099998,56.927567,1644600
23-10-2017,59.119999,59.900002,57.849998,58.720001,56.561543,1807600
26-10-2017,58.93,59.41,57.970001,58.400002,56.2533,1277000
27-10-2017,58.16,59,57.73,58.950001,56.783085,1398400
28-10-2017,58.970001,59.400002,58.84,59.279999,57.100948,1085800
29-10-2017,59.02,59.349998,58.759998,59.220001,57.043159,981000
30-10-2017,59.25,59.400002,57.700001,57.889999,55.762047,1068400
02-11-2017,58.25,59.68,58.029999,59.669998,57.476612,1620100
03-11-2017,59.779999,59.98,59.16,59.299999,57.120216,788100
04-11-2017,59.25,59.5,58.009998,58.16,56.022121,1358600
05-11-2017,58.150002,58.93,58.07,58.619999,56.465214,772200
06-11-2017,58.689999,59.349998,57.93,58.240002,56.099182,1178400
09-11-2017,58.110001,58.189999,57.459999,57.68,55.559761,965200
10-11-2017,57.470001,58.610001,57.240002,58.57,56.417049,1313100
11-11-2017,58.490002,59.130001,57.82,58.490002,56.34,775900
12-11-2017,57.970001,58.32,57.700001,57.709999,55.588665,955600
13-11-2017,57.34,58.119999,56.27,56.59,54.509834,1612500
16-11-2017,56.41,57.279999,56.189999,57.240002,55.135944,1213700
17-11-2017,57.119999,57.939999,57.009998,57.560001,55.44418,1402100
18-11-2017,57.59,58.73,57.459999,58.689999,56.532639,1402200
19-11-2017,58.279999,59.48,58.279999,59.360001,57.178013,1225700
20-11-2017,59.360001,60.049999,59.299999,59.970001,57.765587,2787800
23-11-2017,59.790001,60,59.139999,59.23,57.052788,1186700
24-11-2017,58.619999,58.810001,58.02,58.490002,56.34,1233100
25-11-2017,58.490002,58.779999,58.330002,58.450001,56.30146,505500
27-11-2017,58.619999,58.91,58.209999,58.869999,56.70602,239000
30-11-2017,58.939999,58.990002,58.220001,58.619999,56.465214,986800
01-12-2017,58.889999,59.189999,58.299999,58.720001,56.561543,891800
02-12-2017,58.93,59.029999,58.34,58.509998,56.359264,846300
03-12-2017,58.709999,58.709999,56.290001,56.98,54.885498,1367200
04-12-2017,56.98,59.09,56.959999,58.939999,56.773449,948400
07-12-2017,58.700001,58.939999,57.310001,58.279999,56.137703,865400
08-12-2017,57.040001,58.099998,56.759998,57.919998,55.790947,1453800
09-12-2017,58.07,58.130001,56.23,56.459999,54.384613,1068400
10-12-2017,56.259998,56.560001,55.740002,55.959999,54.142723,1140400
11-12-2017,55.110001,55.669998,54.619999,54.860001,53.078449,1618300
14-12-2017,54.810001,56.119999,54.799999,56.080002,54.258835,1631600
15-12-2017,56.560001,57.209999,56.540001,56.77,54.926422,1180400
16-12-2017,57.099998,57.290001,56.189999,56.889999,55.04253,1254500
17-12-2017,56.810001,57.389999,55.84,56.080002,54.258835,866300
18-12-2017,56.049999,56.16,55.610001,55.93,54.113705,2284000
21-12-2017,56.490002,57.27,55.990002,56.470001,54.636173,909700
22-12-2017,56.849998,58.130001,56.259998,58.009998,56.126156,1451000
23-12-2017,58.34,58.459999,57.830002,57.98,56.09713,934600
24-12-2017,58.049999,58.169998,57.740002,57.990002,56.106808,368000
28-12-2017,58.029999,59.200001,57.799999,59.110001,57.190434,1278400
29-12-2017,59.540001,60.110001,59.18,59.380001,57.451664,1009400
30-12-2017,59.290001,59.950001,58.759998,59.02,57.103367,743300
31-12-2017,58.77,59.060001,58.169998,58.169998,56.28096,807900
04-01-2018,56.900002,57.150002,56.009998,56.540001,54.703892,1299400
05-01-2018,56.59,57.529999,56.52,57.400002,55.535969,1257400
06-01-2018,56.689999,57.740002,56.419998,57.23,55.371487,747900
07-01-2018,56.369999,57.880001,56.32,57.099998,55.245708,2842200
08-01-2018,57.470001,57.509998,55.720001,55.810001,53.997612,1372900
11-01-2018,56.529999,57.59,56.119999,57.279999,55.419861,1509200
12-01-2018,57.889999,57.959999,57.279999,57.580002,55.710117,1278600
13-01-2018,57.77,57.91,55.459999,55.73,53.9202,1448900
14-01-2018,56.09,57.990002,55.790001,57.490002,55.623047,1546300
15-01-2018,55.830002,57.5,55.830002,56.490002,54.655518,1438900
19-01-2018,57.209999,58.139999,57.080002,57.470001,55.603695,1287400
20-01-2018,56.490002,56.970001,55.27,56.299999,54.471691,1245800
21-01-2018,56.349998,57.290001,55.740002,55.779999,53.968575,1150100
22-01-2018,56.66,57.93,55.459999,57.73,55.855251,999400
25-01-2018,57.540001,57.990002,56.560001,56.599998,54.761944,1075400
26-01-2018,57.09,58.619999,56.759998,58.529999,56.629269,1379500
27-01-2018,58.740002,59.959999,57.970001,58.299999,56.406738,1714800
28-01-2018,57.98,59.849998,56.25,58.889999,56.977577,1903700
29-01-2018,59.450001,62.360001,58.709999,62,59.98658,2291800
01-02-2018,61.959999,62.110001,60.389999,61.740002,59.735027,2113800
02-02-2018,61,62.529999,60.75,62.32,60.296192,2176300
03-02-2018,62.540001,62.77,60.400002,61.599998,59.599571,2097400
04-02-2018,61.73,62.209999,58.689999,59.849998,57.906403,2506700
05-02-2018,60.279999,60.650002,58.529999,59.400002,57.471016,1970600
08-02-2018,58.650002,60.580002,57.849998,60.209999,58.254715,2041000
09-02-2018,59.970001,62.209999,59.950001,61.490002,59.493149,1273900
10-02-2018,61.93,62.580002,60.580002,60.880001,58.902954,993500
11-02-2018,59.330002,60.470001,58.93,59.970001,58.022511,1044800
12-02-2018,61.459999,61.540001,60.080002,61.310001,59.318993,783000
16-02-2018,62.549999,62.610001,60.939999,61.66,59.657627,883400
17-02-2018,61.889999,63.209999,61.830002,62.959999,60.915405,986000
18-02-2018,63.189999,63.529999,62.689999,62.880001,60.838009,1001700
19-02-2018,62.529999,63.16,62.23,62.93,60.886383,899600
22-02-2018,64.169998,64.339996,63.240002,63.549999,61.486252,1145700
23-02-2018,64.470001,64.949997,63.080002,63.139999,61.089561,1343800
24-02-2018,62.25,63.82,62.25,63.66,61.592678,1011300
25-02-2018,63.880001,64.529999,63.360001,64.510002,62.415077,1190300
26-02-2018,64.730003,65.099998,63.810001,63.849998,61.776508,790800
     28-02-2018,63.959999,64.389999,62.790001,63.290001,61.234695,1373700
01-03-2018,63.82,64.419998,63.169998,64.269997,62.182865,1157300
02-03-2018,64.989998,64.989998,63.580002,64.489998,62.395718,1778800
03-03-2018,64.559998,65.239998,63.860001,65.199997,63.082664,880700
04-03-2018,65.25,65.489998,64.080002,64.940002,62.831112,1176900
07-03-2018,64.769997,64.900002,63.959999,64.239998,62.153835,760800
08-03-2018,63.860001,65.239998,63.799999,64.870003,62.763386,953800
09-03-2018,65.410004,65.949997,64.870003,65.370003,63.247154,749200
10-03-2018,64.800003,65.080002,63.110001,64.970001,63.10146,2353500
11-03-2018,65.480003,66.400002,64.540001,65.980003,64.08242,1109400
14-03-2018,65.709999,67.279999,65.57,66.830002,64.907967,850100
15-03-2018,66.57,67.610001,66.5,67.040001,65.111923,1237800
16-03-2018,66.5,66.949997,66.169998,66.610001,64.694298,1207100
17-03-2018,66.639999,67.010002,65.769997,65.849998,63.956158,1891800
18-03-2018,65.870003,66.589996,63.889999,64.510002,62.65469,4397200
21-03-2018,64.25,64.5,63.68,64.269997,62.421593,3101300
22-03-2018,64.099998,65.459999,63.75,65.419998,63.538525,1504000
23-03-2018,64.610001,66.360001,64.519997,65.639999,63.752197,1584000
24-03-2018,65.349998,65.650002,63.799999,64.019997,62.178783,1560600
28-03-2018,64.339996,65,64.07,64.68,62.819801,792100
29-03-2018,64.669998,65.580002,64.669998,65.57,63.684208,1155800
30-03-2018,66.029999,66.690002,64.839996,65.169998,63.295719,1350400
31-03-2018,65.389999,66.550003,65.169998,66.379997,64.470909,1800300
01-04-2018,66.120003,66.660004,65.599998,66.089996,64.189247,1447500
04-04-2018,66.389999,66.389999,64.870003,65.550003,63.664787,1318300
05-04-2018,65.150002,65.620003,64.900002,64.980003,63.111183,1091700
06-04-2018,64.809998,65.029999,63.93,64.949997,63.082043,1245200
07-04-2018,64.68,65.629997,63.779999,64.260002,62.411884,938200
08-04-2018,64.400002,64.400002,63.48,63.650002,61.819424,722000
11-04-2018,64.169998,64.699997,63.73,64.279999,62.431305,1037600
12-04-2018,63.650002,64.050003,61.759998,63.150002,61.333805,1978400
13-04-2018,63.439999,64.169998,63.209999,63.950001,62.110798,1265600
14-04-2018,63.369999,64.330002,63.369999,63.669998,61.838848,677600
15-04-2018,63.82,64.519997,63.5,64.440002,62.586708,1272500
18-04-2018,64.029999,64.550003,63.900002,64.139999,62.29533,723500
19-04-2018,64.300003,64.529999,63.599998,64.169998,62.324467,856600
20-04-2018,64.129997,64.349998,63.759998,64.129997,62.285618,735500
21-04-2018,63.98,64.339996,63.540001,63.810001,61.974827,625200
22-04-2018,63.700001,64.43,63.549999,63.990002,62.149651,675600
25-04-2018,63.75,64.199997,63.529999,64.169998,62.324467,649900
26-04-2018,64.209999,64.720001,63.91,64.410004,62.557568,1249700
27-04-2018,65.089996,65.25,63.59,64.129997,62.285618,1163600
28-04-2018,63.59,64.389999,62.669998,62.860001,61.052143,865800
29-04-2018,62.580002,62.580002,61.25,61.709999,59.935215,1119000
02-05-2018,61.740002,63.18,61.57,63.009998,61.19783,748300
03-05-2018,62.09,62.48,61.619999,62.27,60.479111,462300
04-05-2018,61.950001,62.970001,61.950001,62.580002,60.780201,836100
05-05-2018,62.689999,63.400002,62.689999,63.200001,61.382366,846700
06-05-2018,63.169998,64.260002,62.939999,64.029999,62.188496,1031100
09-05-2018,64.029999,64.559998,64.029999,64.5,62.644978,689300
10-05-2018,64.330002,64.639999,64.050003,64.589996,62.732388,1140900
11-05-2018,64.43,64.660004,63.439999,63.619999,61.790287,960800
12-05-2018,63.759998,64.349998,63.689999,64.18,62.334183,720400
13-05-2018,64.089996,64.459999,63.450001,63.68,61.848564,556700
16-05-2018,63.52,63.98,63.310001,63.73,61.897125,517700
17-05-2018,63.73,63.900002,62.310001,62.529999,60.731628,645700
18-05-2018,62.299999,63.189999,61.59,63.049999,61.236679,1280100
19-05-2018,62.84,63.450001,62.669998,63.040001,61.226971,634400
20-05-2018,63.41,64,63.080002,63.619999,61.790287,565300
23-05-2018,63.5,63.790001,63.07,63.57,61.741726,624200
24-05-2018,64,65.699997,63.84,65.620003,63.73278,987900
25-05-2018,65.68,65.919998,65.089996,65.5,63.616219,821500
26-05-2018,65.379997,65.449997,64.660004,65.019997,63.150024,587100
27-05-2018,65.339996,65.690002,65.220001,65.669998,63.78133,424900
31-05-2018,65.75,66.029999,65.360001,66.010002,64.111557,1240900
01-06-2018,65.5,65.800003,65.379997,65.599998,63.713341,717600
02-06-2018,65.279999,65.5,64.849998,65.150002,63.276295,424300
03-06-2018,64.900002,65.279999,64.209999,65.07,63.198586,594100
06-06-2018,65.010002,65.459999,64.790001,65.129997,63.256866,509200
07-06-2018,65.110001,65.5,64.860001,64.889999,63.023766,919700
08-06-2018,64.860001,65.290001,64.57,65.220001,63.658207,519500
09-06-2018,65.160004,65.739998,64.879997,65.660004,64.087662,783800
10-06-2018,65.089996,65.949997,65.019997,65.580002,64.009583,748200
13-06-2018,65.279999,65.970001,65.089996,65.110001,63.550835,709700
14-06-2018,64.849998,65.379997,64.68,64.889999,63.336098,928700
15-06-2018,64.870003,65.449997,64.660004,64.800003,63.24826,713200
16-06-2018,64.279999,64.910004,64.220001,64.889999,63.336098,660100
17-06-2018,64.589996,64.849998,63.82,63.880001,62.350288,1300100
20-06-2018,64.610001,64.879997,63.049999,63.09,61.579205,915800
21-06-2018,62.959999,63.349998,62.919998,62.970001,61.462082,986100
22-06-2018,63.09,63.25,62.889999,63.09,61.579205,759000
23-06-2018,63.310001,64.419998,63.259998,64.410004,62.867599,710800
24-06-2018,62.16,64.290001,61.779999,63,61.49136,2018600
27-06-2018,62.360001,62.459999,61.189999,61.43,59.958958,1023100
28-06-2018,61.75,62.66,61.43,62.599998,61.100941,989500
29-06-2018,63.189999,64.089996,63.080002,64.089996,62.55526,828500
30-06-2018,64.419998,64.860001,64.010002,64.669998,63.121361,1398800
01-07-2018,64.709999,65.18,64.510002,64.769997,63.218967,656700
05-07-2018,63.720001,64.75,63.189999,64.589996,63.043285,805100
06-07-2018,64.639999,64.910004,64.339996,64.739998,63.189693,733400
07-07-2018,64.849998,65.199997,64.540001,64.919998,63.365383,712300
08-07-2018,65.419998,66.099998,65.230003,65.879997,64.302391,830100
