Percent Change,Close,Date,Shift
NA,127.959999,09-07-2012,-
0.005548601,128.669998,12-07-2012,+
0.014066978,130.479996,13-07-2012,+
0.001839401,130.720001,14-07-2012,+
0,130.720001,15-07-2012,-
0.020578351,128.029999,16-07-2012,-
0.013746731,129.789993,19-07-2012,+
0.024963327,126.550003,20-07-2012,-
0.010114626,125.269997,21-07-2012,-
0.017562098,127.470001,22-07-2012,+
0.007138966,128.380005,23-07-2012,+
0.000233673,128.410004,26-07-2012,+
0.00171327,128.630005,27-07-2012,+
0.00155494,128.429993,28-07-2012,-
0.003192315,128.020004,29-07-2012,-
0.002968208,128.399994,30-07-2012,+
0.018380071,130.759995,02-08-2012,+
0.002982564,130.369995,03-08-2012,-
0.006903498,131.270004,04-08-2012,+
0.004266001,131.830002,05-08-2012,+
0.012819563,130.139999,06-08-2012,-
0.014292308,132,09-08-2012,+
0.001212152,131.839996,10-08-2012,-
0.015245707,129.830002,11-08-2012,-
0.011784634,128.300003,12-08-2012,-
0.00335152,127.870003,13-08-2012,-
0.000782091,127.769997,16-08-2012,-
0.005322063,128.449997,17-08-2012,+
0.007318038,129.389999,18-08-2012,+
0.003787039,128.899994,19-08-2012,-
0.010861087,127.5,20-08-2012,-
0.008078424,126.470001,23-08-2012,-
0.012414003,124.900002,24-08-2012,-
0.00296233,125.269997,25-08-2012,+
0.01987705,122.779999,26-08-2012,-
0.015882098,124.730003,27-08-2012,+
0.01066304,123.400002,30-08-2012,-
0.002188047,123.129997,31-08-2012,-
0.021440754,125.769997,01-09-2012,+
0.005804214,125.040001,02-09-2012,-
0.020313508,127.580002,03-09-2012,+
0.012776336,125.949997,07-09-2012,-
0.001032195,126.080002,08-09-2012,+
0.002220804,126.360001,09-09-2012,+
0.012899628,127.989998,10-09-2012,+
0.012657262,129.610001,13-09-2012,+
0.005863706,128.850006,14-09-2012,-
0.004501257,129.429993,15-09-2012,+
0.001854323,129.669998,16-09-2012,+
0.004010211,130.190002,17-09-2012,+
0.012289661,131.789993,20-09-2012,+
0.00144171,131.979996,21-09-2012,+
0.004470458,132.570007,22-09-2012,+
0.006788934,131.669998,23-09-2012,-
0.018531199,134.110001,24-09-2012,+
0.004026493,134.649994,27-09-2012,+
0.001782436,134.889999,28-09-2012,+
0.004373912,135.479996,29-09-2012,+
0.009890737,134.139999,30-09-2012,-
0.011182347,135.639999,01-10-2012,+
0.002875251,135.25,04-10-2012,-
0.017818884,137.660004,05-10-2012,+
0.001307511,137.839996,06-10-2012,+
0.00638425,138.720001,07-10-2012,+
0.000937176,138.850006,08-10-2012,+
0.005833619,139.660004,11-10-2012,+
0.001360461,139.850006,12-10-2012,+
0.003718191,140.369995,13-10-2012,+
0.008050189,141.5,14-10-2012,+
0.003109555,141.059998,15-10-2012,-
0.012547881,142.830002,18-10-2012,+
0.033606406,138.029999,19-10-2012,-
0.007534652,139.070007,20-10-2012,+
0.005464838,139.830002,21-10-2012,+
0.001144275,139.669998,22-10-2012,-
0.00121714,139.839996,25-10-2012,+
0.005935369,140.669998,26-10-2012,+
0.00540268,141.429993,27-10-2012,+
0.00374743,140.899994,28-10-2012,-
0.019162613,143.600006,29-10-2012,+
0.001949854,143.320007,01-11-2012,-
0.003628168,143.839996,02-11-2012,+
0.00229423,144.169998,03-11-2012,+
0.018172956,146.789993,04-11-2012,+
0.000885653,146.919998,05-11-2012,+
0.003130894,146.460007,08-11-2012,-
0.002184951,146.139999,09-11-2012,-
0.002805556,146.550003,10-11-2012,+
0.007642511,145.429993,11-11-2012,-
0.011620629,143.740005,12-11-2012,-
0.000695742,143.639999,15-11-2012,-
0.009746547,142.240005,16-11-2012,-
0.002038864,141.949997,17-11-2012,-
0.016977838,144.360001,18-11-2012,+
0.004779731,145.050003,19-11-2012,+
0.002343992,145.389999,22-11-2012,+
0.015200537,143.179993,23-11-2012,-
0.018368523,145.809998,24-11-2012,+
0.013099266,143.899994,26-11-2012,-
0.007018729,142.889999,29-11-2012,-
0.010007642,141.460007,30-11-2012,-
0.020853929,144.410004,01-12-2012,+
0.005331964,145.179993,02-12-2012,+
0.001377683,145.380005,03-12-2012,+
0.002682625,144.990005,06-12-2012,-
0.006690123,144.020004,07-12-2012,-
0.006665685,144.979996,08-12-2012,+
0.004690254,144.300003,09-12-2012,-
0.003603631,144.820007,10-12-2012,+
0.003728822,144.279999,13-12-2012,-
0.010673746,145.820007,14-12-2012,+
0.007543588,144.720001,15-12-2012,-
0.001174668,144.550003,16-12-2012,-
0.003113089,145,17-12-2012,+
0.003379345,144.509995,20-12-2012,-
0.008511591,145.740005,21-12-2012,+
0.001440867,145.949997,22-12-2012,+
0.000411086,145.889999,23-12-2012,-
0.003769984,145.339996,27-12-2012,-
0.002545831,145.710007,28-12-2012,+
0.005558966,146.520004,29-12-2012,+
0.00102371,146.669998,30-12-2012,+
0.000613602,146.759995,31-12-2012,+
0.004905976,147.479996,03-01-2013,+
0.001084913,147.639999,04-01-2013,+
0.00399618,147.050003,05-01-2013,-
0.010948663,148.660004,06-01-2013,+
0.004910608,147.929993,07-01-2013,-
0.001960346,147.639999,10-01-2013,-
0.002438364,147.279999,11-01-2013,-
0.012357462,149.100006,12-01-2013,+
0.001877927,148.820007,13-01-2013,-
0.007928994,150,14-01-2013,+
0.004333293,150.649994,18-01-2013,+
0.033455083,155.690002,19-01-2013,+
0.000706539,155.800003,20-01-2013,+
0.001925565,155.5,21-01-2013,-
0.026559518,159.630005,24-01-2013,+
0.011338702,161.440002,25-01-2013,+
0.002477756,161.039993,26-01-2013,-
0.000186376,161.070007,27-01-2013,+
0.011547774,159.210007,28-01-2013,-
0.01752398,162,31-01-2013,+
0.009629617,163.559998,01-02-2013,+
0.0015896,163.300003,02-02-2013,-
0.001408426,163.529999,03-02-2013,+
0.002874097,164,04-02-2013,+
0.005000043,164.820007,07-02-2013,+
0.007462662,166.050003,08-02-2013,+
0.008431249,164.649994,09-02-2013,-
0.003401142,164.089996,10-02-2013,-
0.001462551,163.850006,11-02-2013,-
0.003845011,163.220001,14-02-2013,-
0.002328177,162.839996,15-02-2013,-
0.003438946,163.399994,16-02-2013,+
0.005140826,164.240005,17-02-2013,+
0.003653136,164.839996,18-02-2013,+
0.017532147,161.949997,22-02-2013,-
0.010929324,160.179993,23-02-2013,-
0.003683425,160.770004,24-02-2013,+
0.009392268,162.279999,25-02-2013,+
0.002464839,161.880005,28-02-2013,-
0.011798888,159.970001,01-03-2013,-
0.001187741,160.160004,02-03-2013,+
0.02072922,163.479996,03-03-2013,+
0.010092941,161.830002,04-03-2013,-
0.011740771,159.929993,07-03-2013,-
0.014693967,162.279999,08-03-2013,+
0.022060648,165.860001,09-03-2013,+
0.023152038,162.020004,10-03-2013,-
0.002530484,162.429993,11-03-2013,+
0.006402721,161.389999,14-03-2013,-
0.014684894,159.020004,15-03-2013,-
0.037856898,153,16-03-2013,-
0.007712373,154.179993,17-03-2013,+
0.011090972,155.889999,18-03-2013,+
0.011482417,157.679993,21-03-2013,+
0.002029471,158,22-03-2013,+
0.009683538,159.529999,23-03-2013,+
0.003196853,160.039993,24-03-2013,+
0.013371658,162.179993,25-03-2013,+
0.004994438,161.369995,28-03-2013,-
0.00935744,162.880005,29-03-2013,+
0.004420438,163.600006,30-03-2013,+
0.003239603,163.070007,31-03-2013,-
0.007358784,164.270004,01-04-2013,+
0.000121775,164.25,04-04-2013,-
0.001582922,163.990005,05-04-2013,-
0.000304823,164.039993,06-04-2013,+
0.002072738,164.380005,07-04-2013,+
0.002007556,164.050003,08-04-2013,-
0.000609607,163.949997,11-04-2013,-
0.004269576,163.25,12-04-2013,-
0.004287884,163.949997,13-04-2013,+
0.006221433,164.970001,14-04-2013,+
0.007516554,166.210007,15-04-2013,+
0.001624481,165.940002,18-04-2013,-
0.003254236,165.399994,19-04-2013,-
0.003929831,164.75,20-04-2013,-
0.021426398,168.279999,21-04-2013,+
0.003624917,167.669998,25-04-2013,-
0.004890601,168.490005,26-04-2013,+
0.011157873,170.369995,27-04-2013,+
0.002406551,170.779999,28-04-2013,+
0.00117108,170.580002,29-04-2013,-
0.009203846,172.149994,02-05-2013,+
0.004182405,172.869995,03-05-2013,+
0.013015561,170.619995,04-05-2013,-
0.012659642,168.460007,05-05-2013,-
0.002552487,168.889999,06-05-2013,+
0.001243454,169.100006,09-05-2013,+
0.007569479,170.380005,10-05-2013,+
0.005164955,169.5,11-05-2013,-
0.016165221,172.240005,12-05-2013,+
0.013469618,169.919998,13-05-2013,-
0.006238212,168.860001,16-05-2013,-
0.009712182,170.5,17-05-2013,+
0.000351894,170.440002,18-05-2013,-
0.00088004,170.589996,19-05-2013,+
0.002520617,170.160004,20-05-2013,-
0.011166014,168.259995,23-05-2013,-
0.0016046,167.990005,24-05-2013,-
0.001428686,167.75,25-05-2013,-
0.003397955,167.179993,26-05-2013,-
0.001914147,167.5,27-05-2013,+
0.008537272,168.929993,31-05-2013,+
0.014029451,166.559998,01-06-2013,-
0.002821818,166.089996,02-06-2013,-
0.006261623,165.050003,03-06-2013,-
0.001817649,164.75,06-06-2013,-
0.006433979,163.690002,07-06-2013,-
0.003970884,164.339996,08-06-2013,+
0.003042473,164.839996,09-06-2013,+
0.01007039,163.179993,10-06-2013,-
6.13E-05,163.169998,13-06-2013,-
0.00582213,164.119995,14-06-2013,+
0.010906611,162.330002,15-06-2013,-
0.002094474,162.669998,16-06-2013,+
0.010880949,164.440002,17-06-2013,+
0.003527134,165.020004,20-06-2013,+
0.007271827,166.220001,21-06-2013,+
0.003248755,165.679993,22-06-2013,-
0.002655734,166.119995,23-06-2013,+
0.00632066,165.070007,24-06-2013,-
0.015447918,167.619995,27-06-2013,+
0.014258442,170.009995,28-06-2013,+
0.003117452,170.539993,29-06-2013,+
0.005922423,171.550003,30-06-2013,+
0.017429262,174.539993,01-07-2013,+
0.005099118,175.429993,05-07-2013,+
0.012996717,177.710007,06-07-2013,+
0.00692145,176.479996,07-07-2013,-
5.67E-05,176.490005,08-07-2013,+
0.008499065,174.990005,11-07-2013,-
0.005371747,174.050003,12-07-2013,-
0.001551301,174.320007,13-07-2013,+
0.000516355,174.229996,14-07-2013,-
0.00751878,175.539993,15-07-2013,+
0.00148111,175.279999,18-07-2013,-
0.05665226,185.210007,19-07-2013,+
0.008422941,183.649994,20-07-2013,-
0.006806425,184.899994,21-07-2013,+
0.001514327,185.179993,22-07-2013,+
0.007992202,183.699997,25-07-2013,-
0.004191639,182.929993,26-07-2013,-
0.008637113,181.350006,27-07-2013,-
0.002481373,181.800003,28-07-2013,+
0.000275044,181.850006,29-07-2013,+
0.006048974,180.75,01-08-2013,-
0.014937743,178.050003,02-08-2013,-
0.004380786,178.830002,03-08-2013,+
0.04110052,171.479996,04-08-2013,-
0.008747376,172.979996,05-08-2013,+
0.039079634,166.220001,08-08-2013,-
0.026410781,170.610001,09-08-2013,+
0.047300908,162.539993,10-08-2013,-
0.02577829,166.729996,11-08-2013,+
0.008816656,168.199997,12-08-2013,+
0.02847805,172.990005,15-08-2013,+
0.010116191,171.240005,16-08-2013,-
0.001401489,171.479996,17-08-2013,+
0.044611583,163.830002,18-08-2013,-
0.038393511,157.539993,19-08-2013,-
0.009140555,158.979996,22-08-2013,+
0.033589201,164.320007,23-08-2013,+
0.014849001,166.759995,24-08-2013,+
0.007075996,165.580002,25-08-2013,-
0.021500163,169.139999,26-08-2013,+
0.020574648,172.619995,29-08-2013,+
0.000637238,172.509995,30-08-2013,-
0.003478007,171.910004,31-08-2013,-
0.009190867,170.330002,01-09-2013,-
0.019667739,166.979996,02-09-2013,-
0.011198916,165.110001,06-09-2013,-
0.013324432,167.309998,07-09-2013,+
0.012312462,165.25,08-09-2013,-
0.023479607,161.369995,09-09-2013,-
0.006506804,162.419998,12-09-2013,+
0.006218415,163.429993,13-09-2013,+
0.023312808,167.240005,14-09-2013,+
0.017041323,170.089996,15-09-2013,+
0.01704985,172.990005,16-09-2013,+
0.000809295,173.130005,19-09-2013,+
0.009183827,174.720001,20-09-2013,+
0.009729836,173.020004,21-09-2013,-
0.025430637,168.619995,22-09-2013,-
0.004269962,169.339996,23-09-2013,+
0.030530289,174.509995,26-09-2013,+
0.018337127,177.710007,27-09-2013,+
0.000900366,177.550003,28-09-2013,-
0.009124162,179.169998,29-09-2013,+
0.023999571,174.869995,30-09-2013,-
0.009035295,173.289993,03-10-2013,-
0.008367546,174.740005,04-10-2013,+
0.012075088,176.850006,05-10-2013,+
0.027367802,181.690002,06-10-2013,+
0.0038527,182.389999,07-10-2013,+
0.023192039,186.619995,10-10-2013,+
0.008680715,185,11-10-2013,-
0.006054027,186.119995,12-10-2013,+
0.003761079,186.820007,13-10-2013,+
0.019858644,190.529999,14-10-2013,+
0.020679174,186.589996,17-10-2013,-
0.041213367,178.899994,18-10-2013,-
0.008440442,177.389999,19-10-2013,-
0.000789216,177.25,20-10-2013,-
0.024710889,181.630005,21-10-2013,+
0.003413505,182.25,24-10-2013,+
0.010370365,180.360001,25-10-2013,-
0.008926591,181.970001,26-10-2013,+
0.02148708,185.880005,27-10-2013,+
0.008446266,187.449997,28-10-2013,+
0.015043969,184.630005,31-10-2013,-
0.017765254,181.350006,01-11-2013,-
0.014171447,183.919998,02-11-2013,+
0.018377583,187.300003,03-11-2013,+
0.004911895,186.380005,04-11-2013,-
0.00504347,187.320007,07-11-2013,+
0.000373729,187.25,08-11-2013,-
0.026755648,182.240005,09-11-2013,-
0.006090875,183.350006,10-11-2013,+
0.021979814,187.380005,11-11-2013,+
0.000160097,187.350006,14-11-2013,-
0.007472613,188.75,15-11-2013,+
0.011284795,186.619995,16-11-2013,-
0.004769044,185.729996,17-11-2013,-
0.00263819,185.240005,18-11-2013,-
0.02029804,181.479996,21-11-2013,-
0.000936731,181.309998,22-11-2013,-
0.018531802,177.949997,23-11-2013,-
0.005001399,177.059998,25-11-2013,-
0.029086237,182.210007,28-11-2013,+
0.006970007,180.940002,29-11-2013,-
0.039018448,188,30-11-2013,+
0.00771275,189.449997,01-12-2013,+
0.001108509,189.660004,02-12-2013,+
0.006221618,190.839996,05-12-2013,+
0.011004014,192.940002,06-12-2013,+
0.005753089,194.050003,07-12-2013,+
0.012728683,191.580002,08-12-2013,-
0.015554839,194.559998,09-12-2013,+
0.012232756,192.179993,12-12-2013,-
0.005359554,191.149994,13-12-2013,-
0.012712493,188.720001,14-12-2013,-
0.006570607,187.479996,15-12-2013,-
0.0208555,183.570007,16-12-2013,-
0.003704352,182.889999,19-12-2013,-
0.023784822,187.240005,20-12-2013,+
0.030816085,181.470001,21-12-2013,-
0.003140971,182.039993,22-12-2013,+
0.014886877,184.75,23-12-2013,+
0.001082528,184.949997,27-12-2013,+
0.005190549,183.990005,28-12-2013,-
0.011902755,186.179993,29-12-2013,+
0.012353572,183.880005,30-12-2013,-
0.013160746,186.300003,03-01-2014,+
0.004079495,185.539993,04-01-2014,-
0.004742853,184.660004,05-01-2014,-
0.011480618,182.539993,06-01-2014,-
0.005204323,181.589996,09-01-2014,-
0.001541924,181.309998,10-01-2014,-
0.005570619,182.320007,11-01-2014,+
0.009708227,180.550003,12-01-2014,-
0.007698693,179.160004,13-01-2014,-
0.004688524,180,17-01-2014,+
0.005944483,181.070007,18-01-2014,+
0.003037516,180.520004,19-01-2014,-
0.044316418,188.520004,20-01-2014,+
0.007744494,189.979996,23-01-2014,+
0.010264223,191.929993,24-01-2014,+
0.001042031,191.729996,25-01-2014,-
0.003911751,190.979996,26-01-2014,-
0.002722741,190.460007,27-01-2014,-
0.010710873,192.5,30-01-2014,+
0.000519512,192.600006,31-01-2014,+
0.000103785,192.619995,01-02-2014,+
0.005658789,191.529999,02-02-2014,-
0.011016551,193.639999,03-02-2014,+
0.004234621,192.820007,06-02-2014,-
0.002748672,193.350006,07-02-2014,+
0.002068834,192.949997,08-02-2014,-
0.000932926,193.130005,09-02-2014,+
0.003676316,192.419998,10-02-2014,-
0.001039377,192.619995,13-02-2014,+
0.002076596,192.220001,14-02-2014,-
0.000156066,192.25,15-02-2014,+
0.004005222,193.020004,16-02-2014,+
0.002072293,193.419998,17-02-2014,+
0.000155098,193.389999,21-02-2014,-
0.00248201,193.869995,22-02-2014,+
0.019291309,197.610001,23-02-2014,+
0.000759041,197.759995,24-02-2014,+
0.001163006,197.529999,26-02-2014,-
0.00227812,197.979996,27-02-2014,+
0.006313769,196.729996,     28-02-2014,-
0.004066502,197.529999,01-03-2014,+
0.006480023,198.809998,02-03-2014,+
0.009305397,200.660004,05-03-2014,+
0.016944129,197.259995,06-03-2014,-
0.002585466,197.770004,07-03-2014,+
0.010314982,199.809998,08-03-2014,+
0.004053836,200.619995,09-03-2014,+
0.001894153,201,12-03-2014,+
0.013830841,203.779999,13-03-2014,+
0.004612828,204.720001,14-03-2014,+
0.006252437,206,15-03-2014,+
4.85E-05,206.009995,16-03-2014,+
0.00140767,205.720001,19-03-2014,-
0.00714564,204.25,20-03-2014,-
0.002154233,204.690002,21-03-2014,+
0.003908364,205.490005,22-03-2014,+
4.87E-05,205.479996,23-03-2014,-
0.011144676,207.770004,26-03-2014,+
0.002839731,207.179993,27-03-2014,-
0.000530939,207.289993,28-03-2014,+
0.004727729,208.270004,29-03-2014,+
0.001824507,208.649994,30-03-2014,+
0.00393006,209.470001,02-04-2014,+
0.000143214,209.5,03-04-2014,+
0.016467766,206.050003,04-04-2014,-
0.00281486,205.470001,05-04-2014,-
0.002579447,204.940002,09-04-2014,-
0.012735435,202.330002,10-04-2014,-
0.001235605,202.580002,11-04-2014,+
0.013525545,205.320007,12-04-2014,+
0.012273543,202.800003,13-04-2014,-
0.000394487,202.720001,16-04-2014,-
0.023332656,207.449997,17-04-2014,+
0.035285573,200.130005,18-04-2014,-
0.003098036,199.509995,19-04-2014,-
0.00045116,199.600006,20-04-2014,+
0.004909875,198.619995,23-04-2014,-
0.006947966,200,24-04-2014,+
0.017850035,203.570007,25-04-2014,+
0.009873729,205.580002,26-04-2014,+
0.005983053,206.809998,27-04-2014,+
0.001305566,207.080002,30-04-2014,+
0.004442718,208,01-05-2014,+
0.000288452,208.059998,02-05-2014,+
0.003941137,207.240005,03-05-2014,-
0.010856977,204.990005,04-05-2014,-
0.0060491,203.75,07-05-2014,-
0.011141124,201.479996,08-05-2014,-
0.001240818,201.229996,09-05-2014,-
0.003130696,200.600006,10-05-2014,-
0.002841436,201.169998,11-05-2014,+
0.008599672,199.440002,14-05-2014,-
0.002005661,199.039993,15-05-2014,-
0.003466655,199.729996,16-05-2014,+
0.009212422,197.889999,17-05-2014,-
0.010157128,195.880005,18-05-2014,-
0.009597662,197.759995,21-05-2014,+
0.004753176,196.820007,22-05-2014,-
0.00355661,196.119995,23-05-2014,-
0.000152962,196.089996,24-05-2014,-
0.009128426,194.300003,25-05-2014,-
0.01111685,196.460007,29-05-2014,+
0.009823923,194.529999,30-05-2014,-
0.008379196,192.899994,31-05-2014,-
0.019802966,189.080002,01-06-2014,-
0.002855982,188.539993,04-06-2014,-
0.003500605,189.199997,05-06-2014,+
0.025317167,193.990005,06-06-2014,+
0.002319692,194.440002,07-06-2014,+
0.003600067,195.139999,08-06-2014,+
0.013477524,192.509995,11-06-2014,-
0.010596894,194.550003,12-06-2014,+
0.007453081,193.100006,13-06-2014,-
0.010357327,195.100006,14-06-2014,+
0.020502306,199.100006,15-06-2014,+
0.004068373,198.289993,18-06-2014,-
0.003227596,198.929993,19-06-2014,+
0.000754004,198.779999,20-06-2014,-
0.027115404,193.389999,21-06-2014,-
0.001602968,193.699997,22-06-2014,+
0.004336582,192.860001,25-06-2014,-
0.004718469,191.949997,26-06-2014,-
0.00547019,193,27-06-2014,+
0.008290187,191.399994,28-06-2014,-
0.021839123,195.580002,29-06-2014,+
0.001278249,195.830002,02-07-2014,+
0.000510601,195.929993,03-07-2014,+
0.003266473,195.289993,05-07-2014,-
0.019867833,191.410004,06-07-2014,-
0.009090465,189.669998,09-07-2014,-
0.01797861,186.259995,10-07-2014,-
0.005422501,185.25,11-07-2014,-
0.011659941,183.089996,12-07-2014,-
0.015948436,186.009995,13-07-2014,+
0.006558798,184.789993,16-07-2014,-
0.00616916,183.649994,17-07-2014,-
0.025047678,188.25,18-07-2014,+
0.037662661,195.339996,19-07-2014,+
0.014794712,192.449997,20-07-2014,-
0.008417745,190.830002,23-07-2014,-
0.002567762,190.339996,24-07-2014,-
0.003887811,191.080002,25-07-2014,+
0.015019861,193.949997,26-07-2014,+
0.012580573,196.389999,27-07-2014,+
0.001476623,196.679993,30-07-2014,+
0.003559066,195.979996,31-07-2014,-
0.004082065,195.179993,01-08-2014,-
0.003740117,194.449997,02-08-2014,-
0.020930867,198.520004,03-08-2014,+
0.001208901,198.759995,06-08-2014,+
0.005886486,199.929993,07-08-2014,+
0.004501546,199.029999,08-08-2014,-
0.00306487,198.419998,09-08-2014,-
0.004384613,199.289993,10-08-2014,+
0.001404978,199.009995,13-08-2014,-
0.003617919,198.289993,14-08-2014,-
0.000554748,198.399994,15-08-2014,+
0.012298398,200.839996,16-08-2014,+
0.001892078,201.220001,17-08-2014,+
0.003578178,200.5,20-08-2014,-
0.009226963,198.649994,21-08-2014,-
0.007047541,197.25,22-08-2014,-
0.007858063,195.699997,23-08-2014,-
0.01057745,197.770004,24-08-2014,+
0.010517277,195.690002,27-08-2014,-
0.004190337,194.869995,28-08-2014,-
0.001077677,195.080002,29-08-2014,+
0.00876567,193.369995,30-08-2014,-
0.007653778,194.850006,31-08-2014,+
0.001591034,194.539993,04-09-2014,-
0.002570166,195.039993,05-09-2014,+
0.02081631,199.100006,06-09-2014,+
0.00200901,199.5,07-09-2014,+
0.007268155,200.949997,10-09-2014,+
0.011545195,203.270004,11-09-2014,+
0.002459783,203.770004,12-09-2014,+
0.012710394,206.360001,13-09-2014,+
0.002180641,206.809998,14-09-2014,+
0.001644002,207.149994,17-09-2014,+
0.000386131,207.070007,18-09-2014,-
0.00309081,206.429993,19-09-2014,-
0.001211064,206.179993,20-09-2014,-
0.000970012,205.979996,21-09-2014,-
0.003349854,205.289993,24-09-2014,-
0.001510044,204.979996,25-09-2014,-
0.004780935,204,26-09-2014,-
0.009362765,205.910004,27-09-2014,+
0.007478962,207.449997,28-09-2014,+
0.014557744,210.470001,01-10-2014,+
0.002993324,209.839996,02-10-2014,-
0.003192904,210.509995,03-10-2014,+
0.000570025,210.389999,04-10-2014,-
0.000950601,210.589996,05-10-2014,+
0.003656342,209.820007,08-10-2014,-
0.008721771,207.990005,09-10-2014,-
0.010433184,205.820007,10-10-2014,-
0.000291575,205.759995,11-10-2014,-
0.009914503,207.800003,12-10-2014,+
0.005437873,208.929993,15-10-2014,+
0.009907658,211,16-10-2014,+
0.049146896,200.630005,17-10-2014,-
0.028260967,194.960007,18-10-2014,-
0.008206842,193.360001,19-10-2014,-
0.005378532,194.399994,22-10-2014,+
0.016203673,191.25,23-10-2014,-
0.002771237,190.720001,24-10-2014,-
0.00461412,191.600006,25-10-2014,+
0.008716064,193.270004,26-10-2014,+
0.006519351,194.529999,31-10-2014,+
0.013468334,197.149994,01-11-2014,+
0.018868887,193.429993,02-11-2014,-
0.00367061,194.139999,05-11-2014,+
0.004790399,195.070007,06-11-2014,+
0.020044101,191.160004,07-11-2014,-
0.005545083,190.100006,08-11-2014,-
0.002419816,189.639999,09-11-2014,-
0.002056523,189.25,12-11-2014,-
0.004914098,188.320007,13-11-2014,-
0.014921474,185.509995,14-11-2014,-
0.001832845,185.850006,15-11-2014,+
0.005864923,186.940002,16-11-2014,+
0.018241168,190.350006,19-11-2014,+
0.00604155,189.199997,20-11-2014,-
0.005761078,190.289993,21-11-2014,+
0.016816502,193.490005,23-11-2014,+
0.003152618,192.880005,26-11-2014,-
0.008554588,191.229996,27-11-2014,-
0.003921979,191.979996,28-11-2014,+
0.002343979,191.529999,29-11-2014,-
0.007622785,190.070007,30-11-2014,-
0.003104177,189.479996,03-12-2014,-
0.000633286,189.360001,04-12-2014,-
0.003749509,188.649994,05-12-2014,-
0.005565879,189.699997,06-12-2014,+
0.011860833,191.949997,07-12-2014,+
0.003490482,192.619995,10-12-2014,+
0.008202689,194.199997,11-12-2014,+
0.006436663,192.949997,12-12-2014,-
0.004975341,191.990005,13-12-2014,-
0.001198031,191.759995,14-12-2014,-
0.009699625,193.619995,17-12-2014,+
0.010691081,195.690002,18-12-2014,+
0.003117175,195.080002,19-12-2014,-
0.001589081,194.770004,20-12-2014,-
0.006931283,193.419998,21-12-2014,-
0.005273519,192.399994,24-12-2014,-
0.002338862,191.949997,26-12-2014,-
0.003959417,192.710007,27-12-2014,+
0.014944761,189.830002,28-12-2014,-
0.009060744,191.550003,31-12-2014,+
0.025058747,196.350006,02-01-2015,+
0.005500392,195.270004,03-01-2015,-
0.006555021,193.990005,04-01-2015,-
0.0043817,193.139999,07-01-2015,-
0.00139797,192.869995,08-01-2015,-
0.0028516,192.320007,09-01-2015,-
0.002911803,192.880005,10-01-2015,+
0.008139734,194.449997,11-01-2015,+
0.00941117,192.619995,14-01-2015,-
0.000622962,192.5,15-01-2015,-
0.000467512,192.589996,16-01-2015,+
0.00550391,193.649994,17-01-2015,+
0.00423448,194.470001,18-01-2015,+
0.008278917,196.080002,22-01-2015,+
0.044063642,204.720001,23-01-2015,+
0.001465431,204.419998,24-01-2015,-
0.002690554,204.970001,25-01-2015,+
0.00019519,204.929993,28-01-2015,-
0.005026102,203.899994,29-01-2015,-
0.00186361,203.520004,30-01-2015,-
0.00221107,203.070007,31-01-2015,-
0.010390436,205.179993,01-02-2015,+
0.00677454,203.789993,04-02-2015,-
0.004907012,202.789993,05-02-2015,-
0.008728187,201.020004,06-02-2015,-
0.006367521,199.740005,07-02-2015,-
0.009712566,201.679993,08-02-2015,+
0.007536638,200.160004,11-02-2015,-
0.000599575,200.039993,12-02-2015,-
0.000249965,200.089996,13-02-2015,+
0.00219902,199.649994,14-02-2015,-
0.006661668,200.979996,15-02-2015,+
0.003283854,200.320007,19-02-2015,-
0.005041978,199.309998,20-02-2015,-
0.004916944,198.330002,21-02-2015,-
0.01391617,201.089996,22-02-2015,+
0.017802979,197.509995,25-02-2015,-
0.008252767,199.139999,26-02-2015,+
0.016018896,202.330002,27-02-2015,+
0.007413631,200.830002,28-02-2015,-
0.010357028,202.910004,01-03-2015,+
0.011236499,205.190002,04-03-2015,+
0.006530518,206.529999,05-03-2015,+
0.008957566,208.380005,06-03-2015,+
0.004990848,209.419998,07-03-2015,+
0.004584123,210.380005,08-03-2015,+
0.001426005,210.080002,11-03-2015,-
0.002237248,210.550003,12-03-2015,+
0.007171669,212.059998,13-03-2015,+
0.017636542,215.800003,14-03-2015,+
0.004077873,214.919998,15-03-2015,-
0.007956407,213.210007,18-03-2015,-
0.001078725,213.440002,19-03-2015,+
0.007589936,215.059998,20-03-2015,+
0.013019637,212.259995,21-03-2015,-
0.000847984,212.080002,22-03-2015,-
0.006318356,210.740005,25-03-2015,-
0.007687178,212.360001,26-03-2015,+
0.006922217,210.889999,27-03-2015,-
0.011427778,213.300003,28-03-2015,+
0.004313164,212.380005,01-04-2015,-
0.009322893,214.360001,02-04-2015,+
0.00793057,212.660004,03-04-2015,-
0.006348189,211.309998,04-04-2015,-
0.008991501,209.410004,05-04-2015,-
0.000429765,209.320007,08-04-2015,-
0.000477766,209.220001,09-04-2015,-
0.013287444,212,10-04-2015,+
0.004339613,212.919998,11-04-2015,+
0.007232731,211.380005,12-04-2015,-
0.010029378,209.259995,15-04-2015,-
0.013093783,212,16-04-2015,+
0.010990575,209.669998,17-04-2015,-
0.012018906,207.149994,18-04-2015,-
0.082790222,190,19-04-2015,-
0.011421042,187.830002,22-04-2015,-
0.020124575,191.610001,23-04-2015,+
0.000521925,191.710007,24-04-2015,+
0.011684262,193.949997,25-04-2015,+
0.001856154,194.309998,26-04-2015,+
0.024908631,199.149994,29-04-2015,+
0.01702234,202.539993,30-04-2015,+
0.014367474,199.630005,01-05-2015,-
0.013825547,202.389999,02-05-2015,+
0.010474806,204.509995,03-05-2015,+
0.008459225,202.779999,06-05-2015,-
0.004191764,203.630005,07-05-2015,+
0.005843942,204.820007,08-05-2015,+
0.0077141,203.240005,09-05-2015,-
0.006051938,204.470001,10-05-2015,+
0.009781386,202.470001,13-05-2015,-
0.003654892,203.210007,14-05-2015,+
0.000541312,203.320007,15-05-2015,+
0.006738122,204.690002,16-05-2015,+
0.018320387,208.440002,17-05-2015,+
0.004029917,207.600006,20-05-2015,-
0.005057746,208.649994,21-05-2015,+
0.007955855,206.990005,22-05-2015,-
0.00400986,206.160004,23-05-2015,-
0.002134279,205.720001,24-05-2015,-
0.010013601,207.779999,28-05-2015,+
0.000673785,207.919998,29-05-2015,+
0.006925755,209.360001,30-05-2015,+
0.006400444,208.020004,31-05-2015,-
0.00447069,208.949997,03-06-2015,+
0.013208878,206.190002,04-06-2015,-
0.016732126,202.740005,05-06-2015,-
0.005228361,203.800003,06-06-2015,+
0.012512281,206.350006,07-06-2015,+
0.006445369,205.020004,10-06-2015,-
0.005072715,203.979996,11-06-2015,-
0.013628783,201.199997,12-06-2015,-
0.012773395,203.770004,13-06-2015,+
0.007704799,202.199997,14-06-2015,-
0.004154283,203.039993,17-06-2015,+
0.009013013,204.869995,18-06-2015,+
0.014301719,201.940002,19-06-2015,-
0.022729504,197.350006,20-06-2015,-
0.009576888,195.460007,21-06-2015,-
0.009823053,193.539993,24-06-2015,-
0.007440338,194.979996,25-06-2015,+
0.000615422,194.860001,26-06-2015,-
0.004054157,195.649994,27-06-2015,+
0.023204667,191.110001,28-06-2015,-
0.00088953,191.279999,01-07-2015,+
0.001150152,191.5,02-07-2015,+
0.009138381,193.25,03-07-2015,+
0.008693366,194.929993,05-07-2015,+
0.000256518,194.979996,08-07-2015,+
0.018873695,191.300003,09-07-2015,-
0.004966006,192.25,10-07-2015,+
0.002860874,192.800003,11-07-2015,+
0.003786286,192.070007,12-07-2015,-
0.010048383,194,15-07-2015,+
0.000773165,193.850006,16-07-2015,-
0.003611024,194.550003,17-07-2015,+
0.01768184,197.990005,18-07-2015,+
0.022475943,193.539993,19-07-2015,-
0.002841805,194.089996,22-07-2015,+
0.004585502,194.979996,23-07-2015,+
0.008359858,196.610001,24-07-2015,+
0.003102589,197.220001,25-07-2015,+
0.000659188,197.350006,26-07-2015,+
0.005776534,196.210007,29-07-2015,-
0.001019377,196.009995,30-07-2015,-
0.004948737,195.039993,31-07-2015,-
0.003947934,195.809998,01-08-2015,+
0.003319514,195.160004,02-08-2015,-
0.00174214,195.5,05-08-2015,+
0.023069028,190.990005,06-08-2015,-
0.012723216,188.559998,07-08-2015,-
0.003341138,187.929993,08-08-2015,-
0.00058525,187.820007,09-08-2015,-
0.006761734,189.089996,12-08-2015,+
0.003543276,188.419998,13-08-2015,-
0.004723485,187.529999,14-08-2015,-
0.009278547,185.789993,15-08-2015,-
0.002422073,185.339996,16-08-2015,-
0.005988993,184.229996,19-08-2015,-
0.00179125,184.559998,20-08-2015,+
0.001625504,184.860001,21-08-2015,+
0.00178514,185.190002,22-08-2015,+
0.001241946,185.419998,23-08-2015,+
0.003667312,184.740005,26-08-2015,-
0.010826025,182.740005,27-08-2015,-
0.003173914,182.160004,28-08-2015,-
0.002635019,182.639999,29-08-2015,+
0.002025816,182.270004,30-08-2015,-
0.009271975,183.960007,03-09-2015,+
0.004511861,183.130005,04-09-2015,-
0.005569754,184.149994,05-09-2015,+
0.006081971,183.029999,06-09-2015,-
0.010653975,184.979996,09-09-2015,+
0.008757758,186.600006,10-09-2015,+
0.021972084,190.699997,11-09-2015,+
0.00015731,190.729996,12-09-2015,+
0.00754995,192.169998,13-09-2015,+
0.005099631,193.149994,16-09-2015,+
0.005125498,192.160004,17-09-2015,-
0.011761001,194.419998,18-09-2015,+
0.005297804,193.389999,19-09-2015,-
0.017425901,190.020004,20-09-2015,-
0.005104731,190.990005,23-09-2015,+
0.005340615,189.970001,24-09-2015,-
0.002631995,189.470001,25-09-2015,-
0.00395841,190.220001,26-09-2015,+
0.017348349,186.919998,27-09-2015,-
0.009308822,185.179993,30-09-2015,-
0.006480246,186.380005,01-10-2015,+
0.007618832,184.960007,02-10-2015,-
0.005947264,183.860001,03-10-2015,-
0.001305368,184.100006,04-10-2015,+
0.011352585,182.009995,07-10-2015,-
0.018075897,178.720001,08-10-2015,-
0.01454793,181.320007,09-10-2015,+
0.019027117,184.770004,10-10-2015,+
0.007522866,186.160004,11-10-2015,+
0.00435108,186.970001,14-10-2015,+
0.012354907,184.660004,15-10-2015,-
0.011209747,186.729996,16-10-2015,+
0.063728347,174.830002,17-10-2015,-
0.006005851,173.779999,18-10-2015,-
0.005294038,172.860001,21-10-2015,-
0.01220641,174.970001,22-10-2015,+
0.004572229,175.770004,23-10-2015,+
0.011549178,177.800003,24-10-2015,+
0.005343065,176.850006,25-10-2015,-
0.002827255,177.350006,28-10-2015,+
0.026895905,182.119995,29-10-2015,+
0.010817049,180.149994,30-10-2015,-
0.005217802,179.210007,31-10-2015,-
0.00011154,179.229996,01-11-2015,+
0.005802645,180.270004,04-11-2015,+
0.013424297,177.850006,05-11-2015,-
0.007534416,179.190002,06-11-2015,+
0.00452033,180,07-11-2015,+
5.55E-05,179.990005,08-11-2015,-
0.016056447,182.880005,11-11-2015,+
0.001038944,183.070007,12-11-2015,+
0.002621926,183.550003,13-11-2015,+
0.007300441,182.210007,14-11-2015,-
0.005378382,183.190002,15-11-2015,+
0.006987275,184.470001,18-11-2015,+
0.004228324,185.25,19-11-2015,+
0.000323876,185.190002,20-11-2015,-
0.005723835,184.130005,21-11-2015,-
0.015369586,181.300003,22-11-2015,-
0.013017104,178.940002,25-11-2015,-
0.009109221,177.309998,26-11-2015,-
0.009362151,178.970001,27-11-2015,+
0.003967101,179.679993,29-11-2015,+
0.012243973,177.479996,02-12-2015,-
0.007888179,176.080002,03-12-2015,-
0.001930923,175.740005,04-12-2015,-
0.001934659,176.080002,05-12-2015,+
0.009029964,177.669998,06-12-2015,+
0.001181916,177.460007,09-12-2015,-
0.001915992,177.119995,10-12-2015,-
0.010840097,175.199997,11-12-2015,-
0.010445217,173.369995,12-12-2015,-
0.00328772,172.800003,13-12-2015,-
0.029224554,177.850006,16-12-2015,+
0.011751537,175.759995,17-12-2015,-
0.016727367,178.699997,18-12-2015,+
0.008505898,180.220001,19-12-2015,+
0.001109738,180.020004,20-12-2015,-
0.012276369,182.229996,23-12-2015,+
0.005432723,183.220001,24-12-2015,+
0.011625396,185.350006,26-12-2015,+
0.001456725,185.080002,27-12-2015,-
0.007186092,186.410004,30-12-2015,+
0.006222858,187.570007,31-12-2015,+
0.010875982,185.529999,02-01-2016,-
0.00598286,186.639999,03-01-2016,+
0.003429056,186,06-01-2016,-
0.019946274,189.710007,07-01-2016,+
0.009171925,187.970001,08-01-2016,-
0.003138777,187.380005,09-01-2016,-
0.000640463,187.259995,10-01-2016,-
0.016554476,184.160004,13-01-2016,-
0.009556874,185.919998,14-01-2016,+
0.009789194,187.740005,15-01-2016,+
0.005432992,188.759995,16-01-2016,+
0.00704599,190.089996,17-01-2016,+
0.008732722,188.429993,21-01-2016,-
0.032797289,182.25,22-01-2016,-
0.002633723,182.729996,23-01-2016,+
0.016910179,179.639999,24-01-2016,-
0.009686067,177.899994,27-01-2016,-
0.005902125,176.850006,28-01-2016,-
0.002544597,176.399994,29-01-2016,-
0.005442217,177.360001,30-01-2016,+
0.003834055,176.679993,31-01-2016,-
0.021394607,172.899994,03-02-2016,-
0.00034701,172.839996,04-02-2016,-
0.008100029,174.240005,05-02-2016,+
0.00246782,174.669998,06-02-2016,+
0.014770722,177.25,07-02-2016,+
0.000620598,177.139999,10-02-2016,-
0.014451835,179.699997,11-02-2016,+
0.003005053,180.240005,12-02-2016,+
0.008877003,181.839996,13-02-2016,+
0.010173812,183.690002,14-02-2016,+
0.002721977,183.190002,18-02-2016,-
0.001310142,182.949997,19-02-2016,-
0.007160416,184.259995,20-02-2016,+
0.007977868,182.789993,21-02-2016,-
0.003610723,183.449997,24-02-2016,+
0.001199242,183.229996,25-02-2016,-
0.004529837,184.059998,26-02-2016,+
0.006573976,185.270004,27-02-2016,+
0.000539785,185.169998,28-02-2016,-
0.004914419,184.259995,03-03-2016,-
0.011831147,186.440002,04-03-2016,+
0.003754543,187.139999,05-03-2016,+
0.002671797,187.639999,06-03-2016,+
0.000213142,187.679993,07-03-2016,+
0.00687337,186.389999,10-03-2016,-
0.001985064,186.759995,11-03-2016,+
0.002891379,186.220001,12-03-2016,-
0.01245842,183.899994,13-03-2016,-
0.009189707,182.210007,14-03-2016,-
0.019757373,185.809998,17-03-2016,+
0.005381842,186.809998,18-03-2016,+
0.01124132,184.710007,19-03-2016,-
0.017270245,187.899994,20-03-2016,+
0.006546014,186.669998,21-03-2016,-
0.008464145,188.25,24-03-2016,+
0.03606902,195.039993,25-03-2016,+
0.012407701,192.619995,26-03-2016,-
0.014484441,189.830002,27-03-2016,-
0.003266054,190.449997,28-03-2016,+
0.010711515,192.490005,31-03-2016,+
0.010442075,194.5,01-04-2016,+
0.004884303,193.550003,02-04-2016,-
0.004443301,192.690002,03-04-2016,-
0.004774498,191.770004,04-04-2016,-
0.014340095,194.520004,07-04-2016,+
0.006323314,193.289993,08-04-2016,-
0.017331503,196.639999,09-04-2016,+
0.004882048,195.679993,10-04-2016,-
0.002504042,195.190002,11-04-2016,-
0.0132179,197.770004,14-04-2016,+
0.003792284,197.020004,15-04-2016,-
0.003146939,196.399994,16-04-2016,-
0.032535637,190.009995,17-04-2016,-
0.011894159,192.270004,21-04-2016,+
0.000624174,192.149994,22-04-2016,-
0.002185782,191.729996,23-04-2016,-
0.007875633,190.220001,24-04-2016,-
0.003101651,189.630005,25-04-2016,-
0.018509697,193.139999,28-04-2016,+
0.010199865,195.110001,29-04-2016,+
0.006970427,196.470001,30-04-2016,+
0.014964127,193.529999,01-05-2016,-
0.010799344,191.440002,02-05-2016,-
0.000940279,191.259995,05-05-2016,-
0.006431016,190.029999,06-05-2016,-
0.003841478,189.300003,07-05-2016,-
0.002060217,188.910004,08-05-2016,-
0.006193415,190.080002,09-05-2016,+
0.013099774,192.570007,12-05-2016,+
0.001973334,192.190002,13-05-2016,-
0.018055055,188.720001,14-05-2016,-
0.011975381,186.460007,15-05-2016,-
0.0032178,187.059998,16-05-2016,+
0.000320742,187,19-05-2016,-
0.011283428,184.889999,20-05-2016,-
0.008112932,186.389999,21-05-2016,+
0.003809249,185.679993,22-05-2016,-
0.001400307,185.940002,23-05-2016,+
0.006238588,184.779999,27-05-2016,-
0.009200114,183.080002,28-05-2016,-
0.003714185,183.759995,29-05-2016,+
0.003265161,184.360001,30-05-2016,+
0.007214152,185.690002,02-06-2016,+
0.00710866,184.369995,03-06-2016,-
0.000759343,184.509995,04-06-2016,+
0.007967053,185.979996,05-06-2016,+
0.002096994,186.369995,06-06-2016,+
0.000804818,186.220001,09-06-2016,-
0.010364128,184.289993,10-06-2016,-
0.011069472,182.25,11-06-2016,-
0.005651572,181.220001,12-06-2016,-
0.007394311,182.559998,13-06-2016,+
0.001150263,182.350006,16-06-2016,-
0.000493617,182.259995,17-06-2016,-
0.007352195,183.600006,18-06-2016,+
0.00424836,182.820007,19-06-2016,-
0.006946745,181.550003,20-06-2016,-
0.003249771,182.139999,23-06-2016,+
0.006917723,180.880005,24-06-2016,-
0.000884586,180.720001,25-06-2016,-
0.001936731,180.369995,26-06-2016,-
0.00742924,181.710007,27-06-2016,+
0.002421457,181.270004,30-06-2016,-
0.028024504,186.350006,01-07-2016,+
0.010947105,188.389999,02-07-2016,+
0.000743139,188.529999,03-07-2016,+
0.002599088,188.039993,07-07-2016,-
0.004360732,187.220001,08-07-2016,-
0.006409556,188.419998,09-07-2016,+
0.003821256,187.699997,10-07-2016,-
0.001598311,188,11-07-2016,+
0.009893622,189.860001,14-07-2016,+
0.007215822,188.490005,15-07-2016,-
0.020531571,192.360001,16-07-2016,+
0.000675837,192.490005,17-07-2016,+
5.19E-05,192.5,18-07-2016,+
0.008571397,190.850006,21-07-2016,-
0.01697663,194.089996,22-07-2016,+
0.002369988,193.630005,23-07-2016,-
0.008314827,195.240005,24-07-2016,+
0.004302453,194.399994,25-07-2016,-
0.007098791,195.779999,28-07-2016,+
0.006180366,194.570007,29-07-2016,-
0.002929573,194,30-07-2016,-
0.01201032,191.669998,31-07-2016,-
0.013147618,189.149994,01-08-2016,-
0.002590563,189.639999,04-08-2016,+
0.013393762,187.100006,05-08-2016,-
0.006039578,185.970001,06-08-2016,-
0.008979932,184.300003,07-08-2016,-
0.012642441,186.630005,08-08-2016,+
0.004500863,187.470001,11-08-2016,+
0.000693471,187.339996,12-08-2016,-
0.003256117,187.949997,13-08-2016,+
0.000372397,187.880005,14-08-2016,-
0.002661273,187.380005,15-08-2016,-
0.010566741,189.360001,18-08-2016,+
0.003749504,190.070007,19-08-2016,+
0.000157831,190.100006,20-08-2016,+
0.005944187,191.229996,21-08-2016,+
0.004287988,190.410004,22-08-2016,-
0.003938869,191.160004,25-08-2016,+
0.009573137,192.990005,26-08-2016,+
0.003834421,192.25,27-08-2016,-
0.00130039,192,28-08-2016,-
0.001562516,192.300003,29-08-2016,+
0.00384818,191.559998,02-09-2016,-
0.00203591,191.949997,03-09-2016,+
0.006616327,190.679993,04-09-2016,-
0.002727103,191.199997,05-09-2016,+
0.005543923,190.139999,08-09-2016,-
0.000788861,189.990005,09-09-2016,-
0.008158261,191.539993,10-09-2016,+
0.000939793,191.720001,11-09-2016,+
0.002295024,191.279999,12-09-2016,-
0.002770802,191.809998,15-09-2016,+
0.005995563,192.960007,16-09-2016,+
0.000829208,192.800003,17-09-2016,-
0.00492737,193.75,18-09-2016,+
0.001290323,194,19-09-2016,+
0.004587624,193.110001,22-09-2016,-
0.007715841,191.619995,23-09-2016,-
0.003600892,192.309998,24-09-2016,+
0.01715981,189.009995,25-09-2016,-
0.005555278,190.059998,26-09-2016,+
0.002209823,189.639999,29-09-2016,-
0.001001914,189.830002,30-09-2016,+
0.014012558,187.169998,01-10-2016,-
0.001389079,186.910004,02-10-2016,-
0.009416264,188.669998,03-10-2016,+
0.00196107,189.039993,06-10-2016,+
0.017615246,185.710007,07-10-2016,-
0.019654267,189.360001,08-10-2016,+
0.015525998,186.419998,09-10-2016,-
0.0026285,185.929993,10-10-2016,-
0.012961809,183.520004,13-10-2016,-
0.001525714,183.800003,14-10-2016,+
0.011153444,181.75,15-10-2016,-
0.010508963,179.839996,16-10-2016,-
0.01228874,182.050003,17-10-2016,+
0.071134286,169.100006,20-10-2016,-
0.034713245,163.229996,21-10-2016,-
0.008821926,161.789993,22-10-2016,-
0.002410532,162.179993,23-10-2016,+
0.000616543,162.080002,24-10-2016,-
0.0012957,161.869995,27-10-2016,-
0.010687657,163.600006,28-10-2016,+
0.00085574,163.460007,29-10-2016,-
0.005444751,164.350006,30-10-2016,+
0.000304156,164.399994,31-10-2016,+
0.000243266,164.360001,03-11-2016,-
0.010404034,162.649994,04-11-2016,-
0.005102902,161.820007,05-11-2016,-
0.002224694,161.460007,06-11-2016,-
0.003778025,162.070007,07-11-2016,+
0.008761633,163.490005,10-11-2016,+
0.001162163,163.300003,11-11-2016,-
0.008450735,161.919998,12-11-2016,-
0.005372993,162.789993,13-11-2016,+
0.008415818,164.160004,14-11-2016,+
0,164.160004,17-11-2016,-
0.013828003,161.889999,18-11-2016,-
0.002841473,161.429993,19-11-2016,-
0.004893725,160.639999,20-11-2016,-
0.001743022,160.919998,21-11-2016,+
0.007643525,162.149994,24-11-2016,+
0.002405174,161.759995,25-11-2016,-
0.001174592,161.949997,26-11-2016,+
0.00135845,162.169998,28-11-2016,+
0.003884843,161.539993,01-12-2016,-
0.006995203,162.669998,02-12-2016,+
0.011372755,164.520004,03-12-2016,+
0.002856802,164.050003,04-12-2016,-
0.004754642,163.270004,05-12-2016,-
0.00863602,161.860001,08-12-2016,-
0.006981367,162.990005,09-12-2016,+
0.015215718,160.509995,10-12-2016,-
0.003488954,161.070007,11-12-2016,+
0.035326267,155.380005,12-12-2016,-
0.014931181,153.059998,15-12-2016,-
0.010780047,151.410004,16-12-2016,-
0.003434311,151.929993,17-12-2016,+
0.037846378,157.679993,18-12-2016,+
0.005263838,158.509995,19-12-2016,+
0.018484683,161.440002,22-12-2016,+
0.00495542,162.240005,23-12-2016,+
0.002588745,161.820007,24-12-2016,-
0.003213379,162.339996,26-12-2016,+
0.011272644,160.509995,29-12-2016,-
0.002865815,160.050003,30-12-2016,-
0.002436732,160.440002,31-12-2016,+
0.010097208,162.059998,02-01-2017,+
0.015734932,159.509995,05-01-2017,-
0.021565971,156.070007,06-01-2017,-
0.006535554,155.050003,07-01-2017,-
0.021734892,158.419998,08-01-2017,+
0.00435553,159.110001,09-01-2017,+
0.016780837,156.440002,12-01-2017,-
0.002365098,156.809998,13-01-2017,+
0.006440884,155.800003,14-01-2017,-
0.007894711,154.570007,15-01-2017,-
0.016626719,157.139999,16-01-2017,+
0.001209126,156.949997,20-01-2017,-
0.030965283,152.089996,21-01-2017,-
0.021697699,155.389999,22-01-2017,+
0.003088976,155.869995,23-01-2017,+
0.003143684,156.360001,26-01-2017,+
0.017203908,153.669998,27-01-2017,-
0.013795764,151.550003,28-01-2017,-
0.025931989,155.479996,29-01-2017,+
0.013956767,153.309998,30-01-2017,-
0.008805727,154.660004,02-02-2017,+
0.024634662,158.470001,03-02-2017,+
0.009528579,156.960007,04-02-2017,-
0.006052478,157.910004,05-02-2017,+
0.007535957,156.720001,06-02-2017,-
0.006189389,155.75,09-02-2017,-
0.018041721,158.559998,10-02-2017,+
0.00227044,158.199997,11-02-2017,-
0.0020228,158.520004,12-02-2017,+
0.011859639,160.399994,13-02-2017,+
0.003491353,160.960007,17-02-2017,+
0.007641619,162.190002,18-02-2017,+
0.010481515,163.889999,19-02-2017,+
0.001464427,163.649994,20-02-2017,-
0.004521784,162.910004,23-02-2017,-
0.011785636,164.830002,24-02-2017,+
0.012255075,162.809998,25-02-2017,-
0.011915749,160.869995,26-02-2017,-
0.006651377,161.940002,27-02-2017,+
0.009015722,160.479996,02-03-2017,-
0.003427237,161.029999,03-03-2017,+
0.009998143,159.419998,04-03-2017,-
0.011039989,161.179993,05-03-2017,+
0.01662733,158.5,06-03-2017,-
0.014321792,160.770004,09-03-2017,+
0.018411432,157.809998,10-03-2017,-
0.00640007,156.800003,11-03-2017,-
0.007525465,157.979996,12-03-2017,+
0.023420668,154.279999,13-03-2017,-
0.01814884,157.080002,16-03-2017,+
0.00076391,156.960007,17-03-2017,-
0.018157434,159.809998,18-03-2017,+
0,159.809998,19-03-2017,-
0.019210356,162.880005,20-03-2017,+
0.010744106,164.630005,23-03-2017,+
0.00990102,163,24-03-2017,-
0.023312902,159.199997,25-03-2017,-
0.00873115,160.589996,26-03-2017,+
0.00118315,160.399994,27-03-2017,-
0.014152145,162.669998,30-03-2017,+
0.013339878,160.5,31-03-2017,-
0.008224343,159.179993,01-04-2017,-
0.007978415,160.449997,02-04-2017,+
0.009909604,162.039993,06-04-2017,+
0.000185226,162.070007,07-04-2017,+
0.001357444,161.850006,08-04-2017,-
0.003027433,162.339996,09-04-2017,+
0.003203185,162.860001,10-04-2017,+
0.002947292,162.380005,13-04-2017,-
0.000492684,162.300003,14-04-2017,-
0.011275428,164.130005,15-04-2017,+
0.006092731,163.130005,16-04-2017,-
0.01508004,160.669998,17-04-2017,-
0.034169453,166.160004,20-04-2017,+
0.011434816,164.259995,21-04-2017,-
0.006696737,165.360001,22-04-2017,+
0.029511393,170.240005,23-04-2017,+
0.002702103,169.779999,24-04-2017,-
0.005595459,170.729996,27-04-2017,+
0.018684485,173.919998,28-04-2017,+
0.002759867,174.399994,29-04-2017,+
0.017832575,171.289993,30-04-2017,-
0.013894595,173.669998,01-05-2017,+
0.001727431,173.970001,04-05-2017,+
0.005115819,173.080002,05-05-2017,-
0.017506349,170.050003,06-05-2017,-
0.005527798,170.990005,07-05-2017,+
0.009883548,172.679993,08-05-2017,+
0.00903404,171.119995,11-05-2017,-
0.003330949,170.550003,12-05-2017,-
0.010143629,172.279999,13-05-2017,+
0.010273996,174.050003,14-05-2017,+
0.004538971,173.259995,15-05-2017,-
0.001154317,173.059998,18-05-2017,-
0.002426892,173.479996,19-05-2017,+
0.001614013,173.759995,20-05-2017,+
0.002417121,173.339996,21-05-2017,-
0.006461261,172.220001,22-05-2017,-
0.012135617,170.130005,26-05-2017,-
0.010991565,172,27-05-2017,+
0.001686006,171.710007,28-05-2017,-
0.011997047,169.649994,29-05-2017,-
0.003124073,170.179993,01-06-2017,+
0.003114344,169.649994,02-06-2017,-
0.001591536,169.919998,03-06-2017,+
0.009063047,168.380005,04-06-2017,-
0.005820234,167.399994,05-06-2017,-
0.012305843,165.339996,08-06-2017,-
0.002056351,165.679993,09-06-2017,+
0.019555801,168.919998,10-06-2017,+
0.000828789,168.779999,11-06-2017,-
0.010605486,166.990005,12-06-2017,-
0.004371579,166.259995,15-06-2017,-
0.003488518,166.839996,16-06-2017,+
0.001977955,167.169998,17-06-2017,+
0.006460501,168.25,18-06-2017,+
0.007488826,166.990005,19-06-2017,-
0.004431349,167.729996,22-06-2017,+
0.005306141,168.619995,23-06-2017,+
0.009785281,166.970001,24-06-2017,-
0.005330293,166.080002,25-06-2017,-
0.003733111,165.460007,26-06-2017,-
0.01504899,162.970001,29-06-2017,-
0.001902172,162.660004,30-06-2017,-
0.011250467,164.490005,01-07-2017,+
0.003647583,165.089996,02-07-2017,+
0.002180629,164.729996,06-07-2017,-
0.00163907,165,07-07-2017,+
0.011151491,163.160004,08-07-2017,-
0.00422899,163.850006,09-07-2017,+
0.018919688,166.949997,10-07-2017,+
0.014555304,169.380005,13-07-2017,+
0.004546015,168.610001,14-07-2017,-
0.00047448,168.529999,15-07-2017,-
0.01465615,171,16-07-2017,+
0.00883038,172.509995,17-07-2017,+
0.004115738,173.220001,20-07-2017,+
0.05859597,163.070007,21-07-2017,-
0.016679959,160.350006,22-07-2017,-
0.008606111,161.729996,23-07-2017,+
0.012242602,159.75,24-07-2017,-
0.004256607,159.070007,27-07-2017,-
0.006160784,160.050003,28-07-2017,+
0.006497926,161.089996,29-07-2017,+
0.000806934,160.960007,30-07-2017,-
0.006399093,161.990005,31-07-2017,+
0.02024815,158.710007,03-08-2017,-
0.006993894,157.600006,04-08-2017,-
0.001903477,157.899994,05-08-2017,+
0.010006251,156.320007,06-08-2017,-
0.007676637,155.119995,07-08-2017,-
0.010508026,156.75,10-08-2017,+
0.007910718,155.509995,11-08-2017,-
0.004179854,156.160004,12-08-2017,+
0.006980001,155.070007,13-08-2017,-
0.004385071,155.75,14-08-2017,+
0.003595493,156.309998,17-08-2017,+
0.001919282,156.009995,18-08-2017,-
0.013268336,153.940002,19-08-2017,-
0.008314915,152.660004,20-08-2017,-
0.024957408,148.850006,21-08-2017,-
0.036143801,143.470001,24-08-2017,-
0.017494905,140.960007,25-08-2017,-
0.040720699,146.699997,26-08-2017,+
0.012542577,148.539993,27-08-2017,+
0.003770008,147.979996,28-08-2017,-
0.00060817,147.889999,31-08-2017,-
0.035228927,142.679993,01-09-2017,-
0.016610668,145.050003,02-09-2017,+
0.011926894,146.779999,03-09-2017,+
0.020983799,143.699997,04-09-2017,-
0.02456506,147.229996,08-09-2017,+
0.014806718,145.050003,09-09-2017,-
0.007928259,146.199997,10-09-2017,+
0.008002722,147.369995,11-09-2017,+
0.011671311,145.649994,14-09-2017,-
0.01290769,147.529999,15-09-2017,+
0.005964922,148.410004,16-09-2017,+
0.001819318,148.139999,17-09-2017,-
0.024503875,144.509995,18-09-2017,-
0.013632282,146.479996,21-09-2017,+
0.013995106,144.429993,22-09-2017,-
0.005331226,143.660004,23-09-2017,-
0.00522066,144.410004,24-09-2017,+
0.006993934,145.419998,25-09-2017,+
0.019942195,142.520004,28-09-2017,-
0.000350849,142.470001,29-09-2017,-
0.017547554,144.970001,30-09-2017,+
0.009519245,143.589996,01-10-2017,-
0.006894673,144.580002,02-10-2017,+
0.030847911,149.039993,05-10-2017,+
0.001744458,148.779999,06-10-2017,-
0.008804927,150.089996,07-10-2017,+
0.014591266,152.279999,08-10-2017,+
0.000722354,152.389999,09-10-2017,+
0.008202638,151.139999,12-10-2017,-
0.010056927,149.619995,13-10-2017,-
0.002606603,150.009995,14-10-2017,+
0.000533304,150.089996,15-10-2017,+
0.001998821,150.389999,16-10-2017,+
0.007779759,149.220001,19-10-2017,-
0.057499008,140.639999,20-10-2017,-
0.001990892,140.919998,21-10-2017,+
0.022495019,144.089996,22-10-2017,+
0.004094642,144.679993,23-10-2017,+
0.007049966,143.660004,26-10-2017,-
0.040373123,137.860001,27-10-2017,-
0.021543602,140.830002,28-10-2017,+
0.001988206,140.550003,29-10-2017,-
0.003344013,140.080002,30-10-2017,-
0.002070196,140.369995,02-11-2017,+
0.010757356,141.880005,03-11-2017,+
0.001762052,141.630005,04-11-2017,-
0.012285575,139.889999,05-11-2017,-
0.01172349,138.25,06-11-2017,-
0.021265837,135.309998,09-11-2017,-
0.001182492,135.470001,10-11-2017,+
0.003321746,135.020004,11-11-2017,-
0.014664575,133.039993,12-11-2017,-
0.00969628,131.75,13-11-2017,-
0.014876713,133.710007,16-11-2017,+
0.000822676,133.820007,17-11-2017,+
0.014945448,135.820007,18-11-2017,+
0.006773656,136.740005,19-11-2017,+
0.012871105,138.5,20-11-2017,+
0.000288758,138.460007,23-11-2017,-
0.001011115,138.600006,24-11-2017,+
0.004329047,138,25-11-2017,-
0.003333384,138.460007,27-11-2017,+
0.006933345,139.419998,30-11-2017,+
0.013340991,141.279999,01-12-2017,+
0.01118348,139.699997,02-12-2017,-
0.005583386,138.919998,03-12-2017,-
0.010869529,140.429993,04-12-2017,+
0.006266396,139.550003,07-12-2017,-
0.010748835,138.050003,08-12-2017,-
0.010431018,136.610001,09-12-2017,-
0.001244404,136.779999,10-12-2017,+
0.016157275,134.570007,11-12-2017,-
0.01010616,135.929993,14-12-2017,+
0.013683514,137.789993,15-12-2017,+
0.010886132,139.289993,16-12-2017,+
0.018235287,136.75,17-12-2017,-
0.01352838,134.899994,18-12-2017,-
0.004447784,135.5,21-12-2017,+
0.017933528,137.929993,22-12-2017,+
0.004422533,138.539993,23-12-2017,+
0.002093208,138.25,24-12-2017,-
0.004629288,137.610001,28-12-2017,-
0.015769188,139.779999,29-12-2017,+
0.003147825,139.339996,30-12-2017,-
0.012343915,137.619995,31-12-2017,-
0.01213485,135.949997,04-01-2018,-
0.000735498,135.850006,05-01-2018,-
0.005005579,135.169998,06-01-2018,-
0.017089569,132.860001,07-01-2018,-
0.009257835,131.630005,08-01-2018,-
0.012155215,133.229996,11-01-2018,+
0.002476935,132.899994,12-01-2018,-
0.013017277,131.169998,13-01-2018,-
0.013265274,132.910004,14-01-2018,+
0.021668835,130.029999,15-01-2018,-
0.014765808,128.110001,19-01-2018,-
0.048786199,121.860001,20-01-2018,-
0.00861647,122.910004,21-01-2018,+
0.003335807,122.5,22-01-2018,-
0.003428555,122.080002,25-01-2018,-
0.004177539,122.589996,26-01-2018,+
0.01329633,120.959999,27-01-2018,-
0.010416683,122.220001,28-01-2018,+
0.021027655,124.790001,29-01-2018,+
0.000320547,124.830002,01-02-2018,+
0.015140591,122.940002,02-02-2018,-
0.014478599,124.720001,03-02-2018,+
0.023492631,127.650002,04-02-2018,+
0.007207246,128.570007,05-02-2018,+
0.012366835,126.980003,08-02-2018,-
0.022917018,124.07,09-02-2018,-
0.031272653,120.190002,10-02-2018,-
0.019469207,117.849998,11-02-2018,-
0.027068333,121.040001,12-02-2018,+
0.014044919,122.739998,16-02-2018,+
0.027374939,126.099998,17-02-2018,+
0.050356853,132.449997,18-02-2018,+
0.00475655,133.080002,19-02-2018,+
0.005184866,133.770004,22-02-2018,+
0.010241534,132.399994,23-02-2018,-
0.003021216,132.800003,24-02-2018,+
0.012801182,134.5,25-02-2018,+
0.01836432,132.029999,26-02-2018,-
0.007574036,131.029999,     28-02-2018,-
0.025490315,134.369995,01-03-2018,+
0.014363385,136.300003,02-03-2018,+
0.011005135,137.800003,03-03-2018,+
0,137.800003,04-03-2018,-
0.017053635,140.149994,07-03-2018,+
0.007705937,139.070007,08-03-2018,-
0.009635413,140.410004,09-03-2018,+
0.001566854,140.190002,10-03-2018,-
0.015478985,142.360001,11-03-2018,+
0.002950253,142.779999,14-03-2018,+
0.001260737,142.960007,15-03-2018,+
0.012800685,144.789993,16-03-2018,+
0.015539748,147.039993,17-03-2018,+
0.000340064,147.089996,18-03-2018,+
0.010469842,148.630005,21-03-2018,+
0.003565895,148.100006,22-03-2018,-
0.018231005,145.399994,23-03-2018,-
0.017537848,147.949997,24-03-2018,+
0.003041548,148.399994,28-03-2018,+
0.006266901,149.330002,29-03-2018,+
0.006160838,148.410004,30-03-2018,-
0.020483747,151.449997,31-03-2018,+
0.007065084,152.520004,01-04-2018,+
0.002950413,152.070007,04-04-2018,-
0.013612198,150,05-04-2018,-
0.00013336,150.020004,06-04-2018,+
0.011798453,148.25,07-04-2018,-
0.007419939,149.350006,08-04-2018,+
0.000669608,149.25,11-04-2018,-
0.002546097,149.630005,12-04-2018,+
0.010692982,151.229996,13-04-2018,+
0.000462818,151.160004,14-04-2018,-
0.003704664,151.720001,15-04-2018,+
0.005338769,152.529999,18-04-2018,+
0.055923419,144,19-04-2018,-
0.014652785,146.110001,20-04-2018,+
0.021832879,149.300003,21-04-2018,+
0.005358359,148.5,22-04-2018,-
0.002087529,148.809998,25-04-2018,+
0.001814421,149.080002,26-04-2018,+
0.009323846,150.470001,27-04-2018,+
0.022595826,147.070007,28-04-2018,-
0.00768345,145.940002,29-04-2018,-
0.004590914,145.270004,02-05-2018,-
0.007847449,144.130005,03-05-2018,-
0.000832547,144.25,04-05-2018,+
0.015389955,146.470001,05-05-2018,+
0.005598361,147.289993,06-05-2018,+
0.000339487,147.339996,09-05-2018,+
0.017849905,149.970001,10-05-2018,+
0.006801387,148.949997,11-05-2018,-
0.00073851,148.839996,12-05-2018,-
0.007524826,147.720001,13-05-2018,-
0.011779082,149.460007,16-05-2018,+
0.009768546,148,17-05-2018,-
0.004459486,147.339996,18-05-2018,-
0.016356747,144.929993,19-05-2018,-
0.016007777,147.25,20-05-2018,+
0.003259735,146.770004,23-05-2018,-
0.010492566,148.309998,24-05-2018,+
0.022790129,151.690002,25-05-2018,+
0.004944294,152.440002,26-05-2018,+
0.002623944,152.839996,27-05-2018,+
0.00588857,153.740005,31-05-2018,+
0.008000585,152.509995,01-06-2018,-
0.006491411,153.5,02-06-2018,+
0.003973948,152.889999,03-06-2018,-
0.001046524,152.729996,06-06-2018,-
0.003928541,153.330002,07-06-2018,+
0.004369647,154,08-06-2018,+
0.003766247,153.419998,09-06-2018,-
0.006843977,152.369995,10-06-2018,-
0.007153613,151.279999,13-06-2018,-
0.001454264,151.059998,14-06-2018,-
0.00251559,150.679993,15-06-2018,-
0.002521934,151.059998,16-06-2018,+
0.006156541,151.990005,17-06-2018,+
0.010658569,153.610001,20-06-2018,+
0.00286441,154.050003,21-06-2018,+
0.007335313,152.919998,22-06-2018,-
0.015890714,155.350006,23-06-2018,+
0.056388862,146.589996,24-06-2018,-
0.021079174,143.5,27-06-2018,-
0.01533099,145.699997,28-06-2018,+
0.018943103,148.460007,29-06-2018,+
0.022362871,151.779999,30-06-2018,+
0.003755482,152.350006,01-07-2018,+
0.004397853,151.679993,05-07-2018,-
0.004549064,152.369995,06-07-2018,+
0.001509556,152.600006,07-07-2018,+
0.012188735,154.460007,08-07-2018,+
